-- phpMyAdmin SQL Dump
-- version 4.8.3
-- https://www.phpmyadmin.net/
--
-- Host: 127.0.0.1
-- Generation Time: Aug 15, 2019 at 05:38 PM
-- Server version: 10.1.35-MariaDB
-- PHP Version: 7.2.9

SET SQL_MODE = "NO_AUTO_VALUE_ON_ZERO";
SET AUTOCOMMIT = 0;
START TRANSACTION;
SET time_zone = "+00:00";


/*!40101 SET @OLD_CHARACTER_SET_CLIENT=@@CHARACTER_SET_CLIENT */;
/*!40101 SET @OLD_CHARACTER_SET_RESULTS=@@CHARACTER_SET_RESULTS */;
/*!40101 SET @OLD_COLLATION_CONNECTION=@@COLLATION_CONNECTION */;
/*!40101 SET NAMES utf8mb4 */;

--
-- Database: `eapi`
--

-- --------------------------------------------------------

--
-- Table structure for table `migrations`
--

CREATE TABLE `migrations` (
  `id` int(10) UNSIGNED NOT NULL,
  `migration` varchar(191) COLLATE utf8mb4_unicode_ci NOT NULL,
  `batch` int(11) NOT NULL
) ENGINE=InnoDB DEFAULT CHARSET=utf8mb4 COLLATE=utf8mb4_unicode_ci;

--
-- Dumping data for table `migrations`
--

INSERT INTO `migrations` (`id`, `migration`, `batch`) VALUES
(1, '2014_10_12_000000_create_users_table', 1),
(2, '2014_10_12_100000_create_password_resets_table', 1),
(3, '2019_08_15_105504_create_products_table', 1),
(4, '2019_08_15_105629_create_reviews_table', 1);

-- --------------------------------------------------------

--
-- Table structure for table `password_resets`
--

CREATE TABLE `password_resets` (
  `email` varchar(191) COLLATE utf8mb4_unicode_ci NOT NULL,
  `token` varchar(191) COLLATE utf8mb4_unicode_ci NOT NULL,
  `created_at` timestamp NULL DEFAULT NULL
) ENGINE=InnoDB DEFAULT CHARSET=utf8mb4 COLLATE=utf8mb4_unicode_ci;

-- --------------------------------------------------------

--
-- Table structure for table `products`
--

CREATE TABLE `products` (
  `id` bigint(20) UNSIGNED NOT NULL,
  `name` varchar(191) COLLATE utf8mb4_unicode_ci NOT NULL,
  `detail` text COLLATE utf8mb4_unicode_ci NOT NULL,
  `price` int(11) NOT NULL,
  `stock` int(11) NOT NULL,
  `discount` int(11) NOT NULL,
  `created_at` timestamp NULL DEFAULT NULL,
  `updated_at` timestamp NULL DEFAULT NULL
) ENGINE=InnoDB DEFAULT CHARSET=utf8mb4 COLLATE=utf8mb4_unicode_ci;

--
-- Dumping data for table `products`
--

INSERT INTO `products` (`id`, `name`, `detail`, `price`, `stock`, `discount`, `created_at`, `updated_at`) VALUES
(1, 'et', 'Porro velit vitae eius iusto atque. Rerum non cupiditate recusandae sint reiciendis. Similique quos voluptates et quos. Rerum delectus ipsa amet quis sed.', 406, 1, 21, '2019-08-15 09:29:37', '2019-08-15 09:29:37'),
(2, 'voluptatum', 'Dicta libero minus dicta recusandae. Enim qui qui accusantium nostrum. Ut eum debitis omnis velit illo quia cupiditate.', 495, 1, 3, '2019-08-15 09:29:37', '2019-08-15 09:29:37'),
(3, 'reprehenderit', 'Est aut dolores sint possimus et cupiditate praesentium tempora. In ut placeat est eius. Error quia rerum delectus.', 628, 3, 10, '2019-08-15 09:29:37', '2019-08-15 09:29:37'),
(4, 'aliquid', 'Repellendus nihil omnis aspernatur ducimus veritatis. Dolores dolor quia quos asperiores perferendis sint. Consectetur suscipit iste expedita commodi reprehenderit eaque quo. Voluptatem ea omnis quas suscipit.', 235, 7, 13, '2019-08-15 09:29:37', '2019-08-15 09:29:37'),
(5, 'ex', 'Delectus fugiat aperiam consequatur voluptas dolore culpa. Quaerat et impedit doloremque quo. Voluptas in magnam molestiae neque.', 874, 0, 30, '2019-08-15 09:29:38', '2019-08-15 09:29:38'),
(6, 'autem', 'Nisi velit qui distinctio sint porro ad. Accusamus iure a voluptas quia quis eligendi molestiae repudiandae. Est sunt qui quis aspernatur.', 551, 5, 13, '2019-08-15 09:29:38', '2019-08-15 09:29:38'),
(7, 'nostrum', 'Aut qui consectetur autem corrupti doloribus. Accusantium maiores libero voluptatem impedit nemo blanditiis accusantium. Aut quasi et debitis harum maxime.', 373, 0, 22, '2019-08-15 09:29:38', '2019-08-15 09:29:38'),
(8, 'dolorem', 'Similique et nulla voluptatum voluptatem quam. Tempora aspernatur ut enim unde.', 779, 3, 22, '2019-08-15 09:29:38', '2019-08-15 09:29:38'),
(9, 'architecto', 'Minus voluptatem labore excepturi et id. Tempore corporis aut suscipit. Reprehenderit harum quo maxime cum dolorum.', 415, 4, 25, '2019-08-15 09:29:38', '2019-08-15 09:29:38'),
(10, 'occaecati', 'Nesciunt ut blanditiis non. Soluta ut reprehenderit consequatur perferendis placeat. Tempora natus non eaque odit non. Molestias officiis earum quis commodi est quaerat delectus.', 677, 3, 24, '2019-08-15 09:29:38', '2019-08-15 09:29:38'),
(11, 'rerum', 'Rerum rerum minima fugit unde vero. Et praesentium provident iusto unde. Ea laborum velit dolor voluptatem necessitatibus cum autem.', 865, 5, 13, '2019-08-15 09:29:38', '2019-08-15 09:29:38'),
(12, 'aut', 'Iste eligendi atque totam voluptas deleniti tempore ut. Incidunt assumenda at ratione veritatis quia ut. Iure rerum sed in eius.', 263, 1, 15, '2019-08-15 09:29:38', '2019-08-15 09:29:38'),
(13, 'alias', 'Necessitatibus aut cum assumenda voluptas necessitatibus facere. Recusandae totam officia in possimus omnis corrupti. Quia occaecati deserunt rerum voluptatem sapiente voluptatem.', 279, 2, 2, '2019-08-15 09:29:38', '2019-08-15 09:29:38'),
(14, 'ut', 'Optio voluptatem cumque ut sint dicta veritatis quo. Sapiente praesentium sed enim ipsa. Placeat et ea deleniti asperiores consequuntur et possimus rem. Repellendus cum voluptatem in.', 142, 8, 18, '2019-08-15 09:29:38', '2019-08-15 09:29:38'),
(15, 'debitis', 'Velit delectus dolorem molestiae illum eos inventore et velit. Reiciendis minima rerum reiciendis architecto. Et aut autem blanditiis eos rerum iure delectus at. Ullam voluptatibus rem laudantium incidunt totam repellat.', 113, 5, 3, '2019-08-15 09:29:38', '2019-08-15 09:29:38'),
(16, 'quas', 'Qui doloribus dolorem quam illo. Sit amet aut quod repellat nam hic et. Autem distinctio minus consequatur.', 904, 8, 12, '2019-08-15 09:29:38', '2019-08-15 09:29:38'),
(17, 'error', 'Nihil occaecati minima et rem earum aut qui. Officiis doloribus deleniti ipsa deserunt dolor hic.', 250, 0, 30, '2019-08-15 09:29:38', '2019-08-15 09:29:38'),
(18, 'perferendis', 'Maxime harum animi quo ratione. Praesentium repudiandae id cum sunt ut totam. Quos animi dicta nobis non dolorem.', 909, 5, 2, '2019-08-15 09:29:38', '2019-08-15 09:29:38'),
(19, 'et', 'Soluta aperiam deleniti occaecati sint ut ut eius corporis. Nobis in reiciendis libero. Aut id aut error.', 556, 0, 18, '2019-08-15 09:29:38', '2019-08-15 09:29:38'),
(20, 'corrupti', 'Numquam hic quod vel fuga cum repudiandae. Laudantium sunt quasi est voluptatem. Reprehenderit molestiae ut quibusdam et aut. Quos iste dolor odit vitae inventore accusamus aperiam.', 846, 4, 26, '2019-08-15 09:29:38', '2019-08-15 09:29:38'),
(21, 'quibusdam', 'Pariatur dolores quas saepe quis consequatur incidunt aliquid. Sed incidunt quis ipsa repellat at culpa. Ad repellendus dicta nihil amet. Eum nisi praesentium sint autem numquam.', 408, 7, 23, '2019-08-15 09:29:38', '2019-08-15 09:29:38'),
(22, 'modi', 'Doloribus aut officiis in nihil quia qui quae. Ea natus maxime aut velit officiis molestiae.', 413, 0, 11, '2019-08-15 09:29:38', '2019-08-15 09:29:38'),
(23, 'doloremque', 'Esse ratione corrupti facilis molestias sint libero commodi. Illum consequatur blanditiis facere id perspiciatis. Amet eum est debitis excepturi unde. Fugiat eveniet aliquam voluptatem illo quasi.', 914, 3, 11, '2019-08-15 09:29:38', '2019-08-15 09:29:38'),
(24, 'est', 'Nam officiis molestiae aut explicabo. Iusto recusandae aut et quasi consequuntur voluptates beatae. Provident magni dolores beatae et repellat ab.', 654, 1, 10, '2019-08-15 09:29:38', '2019-08-15 09:29:38'),
(25, 'omnis', 'Veritatis voluptatem sunt consequatur nemo. Sunt est provident voluptatem ut minus aut odit. Dolorem incidunt eum provident nam laudantium.', 631, 4, 23, '2019-08-15 09:29:38', '2019-08-15 09:29:38'),
(26, 'voluptas', 'Velit sed quis est perferendis ut nam veritatis. Quibusdam cum ut molestiae voluptas nobis sed nulla. Excepturi ut corporis aliquid.', 543, 3, 9, '2019-08-15 09:29:38', '2019-08-15 09:29:38'),
(27, 'nihil', 'Quibusdam molestiae architecto iure. Eius itaque eos perferendis distinctio quasi sed consequatur. Nihil voluptas harum temporibus aliquam incidunt qui. Ut odio eos numquam dignissimos et.', 722, 7, 21, '2019-08-15 09:29:38', '2019-08-15 09:29:38'),
(28, 'iste', 'Qui voluptas nemo illo ut provident nihil exercitationem. Voluptatem alias consectetur voluptas voluptate. Reiciendis et tempora rerum laboriosam quidem voluptas eum. Labore sunt aut molestias nihil aut. Ut est quae molestiae enim dicta et veritatis blanditiis.', 167, 2, 15, '2019-08-15 09:29:38', '2019-08-15 09:29:38'),
(29, 'voluptas', 'Nihil similique nulla dolorem sed consequatur maxime et. Et et sit beatae repudiandae dolores nihil. Velit repellat autem velit sunt eos omnis totam omnis.', 586, 4, 6, '2019-08-15 09:29:38', '2019-08-15 09:29:38'),
(30, 'qui', 'Voluptatibus velit deserunt sed atque odit alias. Reiciendis sit quo molestias nisi placeat ut ut. Quas qui officia est aliquam placeat eos mollitia dolor.', 175, 6, 24, '2019-08-15 09:29:38', '2019-08-15 09:29:38'),
(31, 'dolorum', 'Vel qui et aut rerum. Ullam voluptas hic esse velit magnam quis dolorum. Quasi et vel est et qui. Ullam at inventore quia nihil.', 553, 9, 24, '2019-08-15 09:29:39', '2019-08-15 09:29:39'),
(32, 'nihil', 'Eos impedit voluptatum sunt fugit. Dicta maiores quas recusandae rerum nulla voluptate. Aperiam eligendi sunt a sequi doloribus ut voluptas.', 940, 5, 24, '2019-08-15 09:29:39', '2019-08-15 09:29:39'),
(33, 'modi', 'A aspernatur nihil error eum unde. Praesentium vero illo esse deserunt aut in aut.', 853, 0, 11, '2019-08-15 09:29:39', '2019-08-15 09:29:39'),
(34, 'accusamus', 'At veniam consequatur ipsam magnam autem laudantium. Id animi quo dolor quibusdam tempora qui. Atque voluptatibus esse sunt qui.', 337, 5, 9, '2019-08-15 09:29:39', '2019-08-15 09:29:39'),
(35, 'voluptates', 'Ea maiores reiciendis cumque ratione. Eum et corrupti nisi temporibus quae voluptatum est et. Architecto odio maiores sed ut eius.', 535, 0, 27, '2019-08-15 09:29:39', '2019-08-15 09:29:39'),
(36, 'cum', 'Nam quia in quia aut possimus. Repellat deserunt enim fugiat. Enim ducimus eligendi provident dolores repudiandae aut aperiam. Nulla earum aut officia esse ipsam ut blanditiis. Placeat rerum alias aut optio saepe.', 499, 4, 15, '2019-08-15 09:29:39', '2019-08-15 09:29:39'),
(37, 'molestiae', 'Illo quibusdam nemo molestiae delectus est quo. Deleniti officiis et quo est aut eos. Velit occaecati magni harum. Et perferendis hic ipsam optio qui nobis.', 197, 0, 23, '2019-08-15 09:29:39', '2019-08-15 09:29:39'),
(38, 'aliquam', 'Illum odio et dolores iusto. Vero enim ullam dignissimos corrupti. Natus et nesciunt eligendi incidunt et eveniet dolore ut.', 441, 3, 29, '2019-08-15 09:29:39', '2019-08-15 09:29:39'),
(39, 'sed', 'Quia adipisci assumenda quia aut aperiam. Ut optio quidem fugiat ut qui similique ullam esse.', 450, 9, 19, '2019-08-15 09:29:39', '2019-08-15 09:29:39'),
(40, 'animi', 'Tempora minus vitae qui ratione autem. Voluptatem modi at cum autem eum. Autem consectetur aspernatur accusamus et perferendis.', 690, 5, 11, '2019-08-15 09:29:39', '2019-08-15 09:29:39'),
(41, 'iste', 'Necessitatibus labore itaque ipsa. Explicabo fugit perspiciatis alias id suscipit fugiat laboriosam non. Nisi officia itaque in vero hic expedita consequuntur illum. Recusandae et harum ipsa omnis.', 288, 3, 16, '2019-08-15 09:29:39', '2019-08-15 09:29:39'),
(42, 'adipisci', 'Quaerat alias et nesciunt quasi qui. Et hic ea atque repudiandae aut. Voluptatum et quasi maiores repudiandae.', 425, 8, 21, '2019-08-15 09:29:39', '2019-08-15 09:29:39'),
(43, 'natus', 'Odio autem vero eaque cumque et in perspiciatis. Omnis consectetur molestiae nostrum nihil nihil.', 235, 8, 9, '2019-08-15 09:29:39', '2019-08-15 09:29:39'),
(44, 'eos', 'Assumenda reprehenderit delectus commodi molestiae facere esse omnis. Distinctio ex consequatur aut. Facere aut numquam quidem consectetur inventore totam dolores. Odio ullam iusto voluptatem iusto.', 156, 5, 10, '2019-08-15 09:29:39', '2019-08-15 09:29:39'),
(45, 'ea', 'Vel sed non quia. Voluptatem blanditiis totam ut repellendus voluptatem voluptatem soluta. Rem voluptates dolore dolorem laudantium.', 491, 2, 16, '2019-08-15 09:29:39', '2019-08-15 09:29:39'),
(46, 'aut', 'Ducimus cupiditate laudantium qui esse iste. Iste ad consequuntur minima harum. Est suscipit qui voluptatibus possimus quia dolor occaecati explicabo.', 818, 8, 17, '2019-08-15 09:29:39', '2019-08-15 09:29:39'),
(47, 'impedit', 'Sed quae similique qui quis saepe minus rerum. Et deleniti saepe mollitia ut qui. Hic quam totam perferendis. Qui dolorem ut magni possimus voluptas harum iure perspiciatis.', 816, 1, 20, '2019-08-15 09:29:39', '2019-08-15 09:29:39'),
(48, 'totam', 'Aut ut autem sed repellat. Quam et laborum nostrum rem. Minus voluptatem a reiciendis sint. Et omnis aut quis magnam.', 816, 6, 13, '2019-08-15 09:29:39', '2019-08-15 09:29:39'),
(49, 'ipsam', 'Unde id asperiores libero iure ex natus. Hic et voluptas fuga quo impedit. Asperiores eligendi voluptates quos vero.', 183, 4, 27, '2019-08-15 09:29:39', '2019-08-15 09:29:39'),
(50, 'sapiente', 'Voluptas quaerat cupiditate sint dicta nemo itaque consequuntur ea. Iste debitis aut in molestiae quos est adipisci eum. Nam deleniti beatae sit magni.', 334, 1, 25, '2019-08-15 09:29:39', '2019-08-15 09:29:39'),
(51, 'odit', 'Expedita fugit esse dolor ex molestiae error non. Omnis tempore aut sit quam consequatur eligendi. Rerum qui omnis asperiores in et recusandae.', 993, 5, 30, '2019-08-15 09:30:31', '2019-08-15 09:30:31'),
(52, 'aspernatur', 'Alias animi cum enim eos omnis in voluptas. Deleniti omnis sed sint ut tempora. Nihil vitae qui sit deleniti animi architecto.', 665, 2, 5, '2019-08-15 09:30:31', '2019-08-15 09:30:31'),
(53, 'illo', 'Vitae eveniet et tempora voluptatem. Corporis quia voluptas nostrum et rem ipsum quia. Officia et aliquid sit aspernatur illum laboriosam magnam qui.', 165, 2, 10, '2019-08-15 09:30:31', '2019-08-15 09:30:31'),
(54, 'magni', 'Laboriosam aut id eius maxime. Veritatis atque qui aspernatur magni eos rerum. Eaque deserunt sed est velit molestiae. Omnis est et et quasi ut aspernatur ipsum.', 272, 8, 29, '2019-08-15 09:30:31', '2019-08-15 09:30:31'),
(55, 'perferendis', 'Debitis voluptatum dolorum nihil. Eos quia magnam ea inventore. Similique ab voluptates molestiae nihil. Nulla facilis deleniti dolore exercitationem incidunt optio. Cupiditate voluptas vel corrupti cupiditate nisi delectus.', 713, 8, 21, '2019-08-15 09:30:31', '2019-08-15 09:30:31'),
(56, 'dolor', 'Error magni tempore laudantium placeat et unde consequatur. Praesentium id dolores hic qui. Debitis hic et excepturi sit et. In qui laborum nisi assumenda reiciendis ab consequatur.', 693, 4, 6, '2019-08-15 09:30:31', '2019-08-15 09:30:31'),
(57, 'molestias', 'Sit culpa placeat corporis temporibus cumque. Quibusdam aut et deserunt harum enim velit. Enim quo nihil labore qui voluptatem maiores. Amet tempore commodi facere et quaerat natus.', 338, 0, 14, '2019-08-15 09:30:31', '2019-08-15 09:30:31'),
(58, 'assumenda', 'Quaerat corrupti error cumque ut rem. Autem id modi totam dolorem autem numquam assumenda. Dolorem blanditiis ab velit.', 644, 0, 28, '2019-08-15 09:30:31', '2019-08-15 09:30:31'),
(59, 'dolores', 'Quia qui est doloribus sint. Nihil similique quisquam veniam deserunt ex possimus delectus. Quo qui et in reprehenderit qui iure perspiciatis. Alias accusamus ut dolorem et.', 607, 4, 6, '2019-08-15 09:30:31', '2019-08-15 09:30:31'),
(60, 'corporis', 'Possimus rem qui est facere atque ut illo. Voluptate voluptatum autem temporibus sapiente cupiditate. Aut ea est iure fugiat amet vero et natus.', 789, 8, 22, '2019-08-15 09:30:31', '2019-08-15 09:30:31'),
(61, 'autem', 'Placeat reprehenderit aut hic animi. Quisquam recusandae maiores consequatur quisquam sunt eius. Atque voluptatibus iste quis eos nesciunt. Rerum velit necessitatibus cum unde.', 301, 1, 5, '2019-08-15 09:30:31', '2019-08-15 09:30:31'),
(62, 'eaque', 'Molestiae doloremque accusantium consequuntur ut libero velit ea. Impedit dolor et itaque et consequuntur possimus quia. Excepturi quia quis consequatur quis in nam velit. Molestiae ipsam sunt totam ratione mollitia ab est. Necessitatibus culpa a et repellendus recusandae minus.', 746, 1, 5, '2019-08-15 09:30:31', '2019-08-15 09:30:31'),
(63, 'dolorum', 'Delectus qui consequatur architecto voluptatem. Laudantium non ea dolores commodi voluptatem provident. Sequi nulla maiores expedita dolorem. Eum dicta reiciendis non illo dicta molestiae eligendi.', 814, 5, 29, '2019-08-15 09:30:31', '2019-08-15 09:30:31'),
(64, 'omnis', 'Ipsum aliquid cum amet odio. Officiis corporis maxime deleniti.', 222, 8, 5, '2019-08-15 09:30:31', '2019-08-15 09:30:31'),
(65, 'et', 'Deserunt molestiae et sunt praesentium. Eligendi corporis quia beatae ut tempora dolorem. Consectetur ratione reiciendis recusandae. Quo consequatur ipsam aut.', 497, 2, 19, '2019-08-15 09:30:32', '2019-08-15 09:30:32'),
(66, 'vitae', 'Fugit nobis magnam explicabo quia ipsum. Totam enim et rem iste totam exercitationem. Consequatur repudiandae ab vitae est fugiat adipisci soluta. Rerum ratione ipsam eius ut. Delectus voluptas molestiae aut non consequatur et incidunt consequatur.', 685, 9, 15, '2019-08-15 09:30:32', '2019-08-15 09:30:32'),
(67, 'labore', 'Et iure odio dolores. Et ut repellendus dolorum ut quas illum amet. Tempore quia laboriosam dolores ut in rerum. Sed a excepturi soluta consequuntur eligendi illo.', 748, 4, 29, '2019-08-15 09:30:32', '2019-08-15 09:30:32'),
(68, 'quia', 'Ratione et est repellat commodi quibusdam voluptatibus. Quas reprehenderit sed et. Rerum accusantium sit inventore dolores. Quo nihil enim mollitia eius ab totam maxime. Eius occaecati sed animi.', 711, 9, 7, '2019-08-15 09:30:32', '2019-08-15 09:30:32'),
(69, 'eaque', 'Eum consequatur perferendis voluptatum magni iusto aut. Consequuntur nisi reiciendis nesciunt sed qui. Et consequuntur commodi fuga ducimus odio error autem. Voluptates sint enim optio eaque explicabo vitae voluptatum. Molestiae harum molestias totam placeat magnam.', 626, 5, 30, '2019-08-15 09:30:32', '2019-08-15 09:30:32'),
(70, 'et', 'Culpa repellendus tempore dolores odio rem vero. Sit esse aliquid deleniti eligendi adipisci odit. Est officia pariatur doloribus est tempora et ut. Sint aut reprehenderit repellendus.', 169, 3, 26, '2019-08-15 09:30:32', '2019-08-15 09:30:32'),
(71, 'temporibus', 'Officiis ut officia nulla inventore fuga atque ex. Nobis neque molestias at qui nihil ut cumque eum. Repellat voluptas molestiae ab libero facilis enim pariatur rem. Quia quos necessitatibus et voluptatem illo.', 629, 8, 30, '2019-08-15 09:30:32', '2019-08-15 09:30:32'),
(72, 'commodi', 'Quam quo quas commodi impedit blanditiis perspiciatis fugiat eius. Nesciunt magni mollitia rerum aut aut consequuntur adipisci. Quis non nobis voluptatum perspiciatis.', 396, 4, 4, '2019-08-15 09:30:32', '2019-08-15 09:30:32'),
(73, 'laboriosam', 'Aliquid odit mollitia et amet. Recusandae qui eveniet unde consectetur ea. Voluptatem labore quos rerum laboriosam perferendis et.', 771, 0, 18, '2019-08-15 09:30:32', '2019-08-15 09:30:32'),
(74, 'quia', 'Ullam nihil qui accusamus voluptate sunt eos inventore. Consequuntur et minus quam accusantium maxime quam voluptatibus officia.', 444, 6, 26, '2019-08-15 09:30:32', '2019-08-15 09:30:32'),
(75, 'nam', 'Error est maxime nihil omnis saepe corporis. Et aut quis sequi illum asperiores quis iure. Quis animi eum perspiciatis cumque. Sunt repellendus et natus explicabo nulla qui natus.', 346, 7, 11, '2019-08-15 09:30:32', '2019-08-15 09:30:32'),
(76, 'ea', 'Temporibus atque et quae facere dolorem quia. Qui veritatis id saepe aliquid voluptatem. Nulla enim quasi nemo corporis ratione saepe et.', 193, 1, 16, '2019-08-15 09:30:32', '2019-08-15 09:30:32'),
(77, 'sunt', 'Blanditiis dicta earum consequatur. Voluptatem eos aut magnam enim praesentium. Vel ex eum voluptas cupiditate impedit ut blanditiis velit. Consequatur occaecati voluptas voluptatem tempora ut accusantium nobis. Hic tempore doloribus consequuntur est est ipsa.', 636, 5, 20, '2019-08-15 09:30:32', '2019-08-15 09:30:32'),
(78, 'eos', 'Qui aspernatur corporis eveniet aperiam. Ea aperiam non nesciunt aut.', 622, 9, 13, '2019-08-15 09:30:32', '2019-08-15 09:30:32'),
(79, 'rerum', 'Ut maxime officia et veritatis repellat omnis quae. Ut aut eum debitis tempora. Quia consequatur illum sunt iste reprehenderit. Voluptatibus esse rerum nostrum aut.', 204, 3, 23, '2019-08-15 09:30:32', '2019-08-15 09:30:32'),
(80, 'commodi', 'Laudantium facilis omnis aut tempore quod. Minus in aut est consequuntur illum odio. Numquam aut corrupti sint adipisci.', 576, 2, 22, '2019-08-15 09:30:32', '2019-08-15 09:30:32'),
(81, 'explicabo', 'Voluptatem nihil laboriosam minima nisi assumenda esse culpa. At eius sint tenetur. Voluptas esse ut dignissimos dolor autem laudantium.', 857, 4, 13, '2019-08-15 09:30:32', '2019-08-15 09:30:32'),
(82, 'ipsum', 'Id quia provident placeat sint sunt tenetur. Nihil eos esse facere ipsam dicta molestiae. Enim enim et aliquam ratione voluptatibus ut. Sequi molestiae culpa nostrum molestiae voluptatibus.', 185, 3, 27, '2019-08-15 09:30:32', '2019-08-15 09:30:32'),
(83, 'deserunt', 'Dolores sint impedit officia laudantium laudantium dolores maxime. Assumenda quos fuga consectetur quis. Quod dolores exercitationem voluptatem et nesciunt. Atque dolore voluptas qui aliquid vitae cumque.', 925, 0, 21, '2019-08-15 09:30:32', '2019-08-15 09:30:32'),
(84, 'fuga', 'Quod quia omnis aut. Maiores tenetur consequatur ut corporis. Qui labore quo debitis quidem illum veniam molestiae. Deserunt autem natus ad.', 915, 1, 9, '2019-08-15 09:30:32', '2019-08-15 09:30:32'),
(85, 'fugiat', 'Deserunt dolor voluptas iure maiores et et. Ad maxime rem dolorem autem. Repudiandae velit doloribus consequatur.', 292, 8, 7, '2019-08-15 09:30:32', '2019-08-15 09:30:32'),
(86, 'sunt', 'Perferendis vero qui assumenda laboriosam occaecati tempore vitae quia. Iusto nesciunt reiciendis ipsum id soluta ut sunt ea. Aut totam est quaerat voluptas labore sunt. Consequatur quos atque ab molestiae impedit minima.', 705, 2, 9, '2019-08-15 09:30:32', '2019-08-15 09:30:32'),
(87, 'deleniti', 'Beatae enim qui rerum esse voluptatem id quo. Aperiam repellendus tempore dolore ullam. Id et vero odio ullam molestias.', 508, 4, 3, '2019-08-15 09:30:32', '2019-08-15 09:30:32'),
(88, 'molestiae', 'Dolorem praesentium corporis deserunt voluptatem. Voluptate est est explicabo. Mollitia ipsa et accusantium molestiae nam est eius. Quis sint ullam fugit est commodi eum perferendis.', 234, 9, 8, '2019-08-15 09:30:32', '2019-08-15 09:30:32'),
(89, 'aperiam', 'Dolores molestias esse delectus sunt perferendis. Tempore explicabo molestias rerum iste rerum. Fugit eaque consectetur ullam fugiat perspiciatis distinctio eos.', 557, 3, 10, '2019-08-15 09:30:32', '2019-08-15 09:30:32'),
(90, 'commodi', 'Sapiente et consequatur incidunt odit. Totam sit vel maxime ut commodi autem. Saepe molestiae debitis cupiditate sunt aut qui numquam.', 507, 8, 28, '2019-08-15 09:30:32', '2019-08-15 09:30:32'),
(91, 'nostrum', 'Expedita et aut qui sint quia asperiores asperiores. Accusantium perspiciatis voluptatum natus ut molestias magni repellendus eveniet. Omnis consequatur in culpa id.', 173, 5, 8, '2019-08-15 09:30:32', '2019-08-15 09:30:32'),
(92, 'distinctio', 'Quo veniam atque omnis laudantium magni asperiores. Eaque quae debitis quia eveniet eos dolorum. Nam eum vero est consequatur maxime quia laborum. Neque quidem porro asperiores provident possimus itaque. In totam perferendis a qui natus qui.', 621, 0, 3, '2019-08-15 09:30:32', '2019-08-15 09:30:32'),
(93, 'consequuntur', 'Beatae fugiat ut repudiandae et aut id. Et dolorum corrupti tempora ut quia quaerat laboriosam doloribus. Dolor nemo ut quis ut aliquam cumque.', 971, 7, 2, '2019-08-15 09:30:33', '2019-08-15 09:30:33'),
(94, 'maxime', 'Minima tenetur nam ad repellat optio eos quia. Rerum repellendus quisquam quo molestiae sapiente necessitatibus nisi. Rerum culpa sunt odit nulla dolorum neque sunt ab. Qui et nihil illum.', 414, 2, 23, '2019-08-15 09:30:33', '2019-08-15 09:30:33'),
(95, 'laboriosam', 'Commodi consectetur quibusdam eaque ipsa atque vel eligendi quos. Voluptate quia ex vitae mollitia. Aut maiores id explicabo. Illo ducimus quis officia itaque.', 325, 4, 16, '2019-08-15 09:30:33', '2019-08-15 09:30:33'),
(96, 'quia', 'Porro aliquam et facilis et voluptatem. Ut consectetur dolores soluta a aut odit. In eum quia qui eligendi aperiam. Ut nulla est doloremque animi.', 907, 7, 17, '2019-08-15 09:30:33', '2019-08-15 09:30:33'),
(97, 'earum', 'Omnis sit provident assumenda officiis quo eius. Nihil fugit eveniet a occaecati. A maxime eveniet non dolorum.', 652, 6, 16, '2019-08-15 09:30:33', '2019-08-15 09:30:33'),
(98, 'neque', 'Ipsa voluptatem libero dolorem. Nesciunt doloribus enim tempore. Quia assumenda tenetur repudiandae dolor asperiores. Omnis quia voluptatibus soluta rerum.', 528, 6, 24, '2019-08-15 09:30:33', '2019-08-15 09:30:33'),
(99, 'fugiat', 'Consequatur est consequatur enim eaque dolore. Molestiae sapiente animi amet voluptates nulla deleniti eum voluptatum. Voluptatem eos eos nam et. Vel sequi asperiores occaecati quia velit et.', 620, 6, 21, '2019-08-15 09:30:33', '2019-08-15 09:30:33'),
(100, 'beatae', 'Et laborum quis assumenda rerum sequi. Optio eveniet voluptatem et. Eum nihil officia libero.', 591, 6, 4, '2019-08-15 09:30:33', '2019-08-15 09:30:33'),
(101, 'modi', 'In ut consequatur doloribus numquam et. Repellat perspiciatis necessitatibus magnam doloremque ipsa et qui aut. Aliquam dignissimos esse rerum impedit aut possimus earum veniam. Sed et sequi alias repellat similique.', 587, 0, 8, '2019-08-15 09:30:46', '2019-08-15 09:30:46'),
(102, 'in', 'Animi voluptate non quibusdam sit. Vel accusamus aliquam illo itaque. Id dolorem expedita sit commodi saepe natus. Qui necessitatibus ut et dicta laborum quam aut.', 389, 2, 24, '2019-08-15 09:30:46', '2019-08-15 09:30:46'),
(103, 'qui', 'Minus accusantium fuga quaerat est omnis. Excepturi in iusto provident aut reiciendis. Omnis aliquam sint qui itaque perspiciatis debitis.', 823, 4, 29, '2019-08-15 09:30:46', '2019-08-15 09:30:46'),
(104, 'veritatis', 'Tenetur praesentium odit doloremque suscipit ipsam consequatur aspernatur. Provident natus repellendus molestiae quo. Est aliquam non qui nemo alias. Fugit facere odio quos molestiae soluta ut. Asperiores et voluptates itaque accusantium corrupti.', 837, 4, 11, '2019-08-15 09:30:46', '2019-08-15 09:30:46'),
(105, 'adipisci', 'Blanditiis dolore praesentium minima dignissimos esse at animi. Iure alias ut dolore molestiae. Veritatis sed dolorem optio quasi.', 135, 8, 13, '2019-08-15 09:30:46', '2019-08-15 09:30:46'),
(106, 'saepe', 'Dolores autem dolore in. Voluptatum et minus non et possimus. Blanditiis cupiditate ab omnis et aliquam iure odit.', 559, 3, 18, '2019-08-15 09:30:46', '2019-08-15 09:30:46'),
(107, 'quasi', 'Similique in earum nostrum inventore. Quo aut tenetur itaque molestiae repellat et. Odio inventore eum dicta quia quod voluptatem odit.', 100, 4, 8, '2019-08-15 09:30:46', '2019-08-15 09:30:46'),
(108, 'non', 'Quas excepturi natus quisquam id laboriosam eligendi ipsam. Expedita voluptas non sunt culpa voluptas. Magnam non modi totam fugiat reprehenderit. Facilis tenetur doloribus ut corporis odit id amet. Aut sit et ratione dolor.', 294, 4, 13, '2019-08-15 09:30:46', '2019-08-15 09:30:46'),
(109, 'repellendus', 'Expedita nulla voluptatem veniam ut nam laborum fugit. Quidem praesentium ipsam aspernatur est ut sint. Maxime repudiandae repellat natus provident vel velit dignissimos. Modi molestiae veritatis beatae voluptas saepe omnis exercitationem.', 975, 7, 28, '2019-08-15 09:30:46', '2019-08-15 09:30:46'),
(110, 'laudantium', 'Voluptatem temporibus porro ea placeat voluptatem. Doloribus sed quod et. Aut sint quia non sed voluptate beatae. Ut corrupti ut similique.', 355, 6, 26, '2019-08-15 09:30:46', '2019-08-15 09:30:46'),
(111, 'quis', 'Iusto consequatur voluptates repellat blanditiis quae. Ullam ex ducimus sit ut dolorum et maiores. Quae quia mollitia tempore repellat consequatur. In expedita dolor in deserunt hic.', 224, 7, 16, '2019-08-15 09:30:46', '2019-08-15 09:30:46'),
(112, 'ad', 'In perferendis exercitationem omnis quis aliquid doloremque. Voluptas ut error sed omnis est optio aut. Rerum quam exercitationem quis quas recusandae sapiente minima.', 401, 0, 17, '2019-08-15 09:30:46', '2019-08-15 09:30:46'),
(113, 'non', 'Possimus quod eligendi est suscipit. Amet animi quaerat eos dolorum error unde. Repudiandae quis rerum inventore blanditiis. Enim quidem molestias recusandae aut necessitatibus.', 668, 4, 13, '2019-08-15 09:30:47', '2019-08-15 09:30:47'),
(114, 'minus', 'Maxime repellat laboriosam necessitatibus ut voluptatum. Cumque sit sunt voluptates veritatis cupiditate. Cum doloremque alias et.', 328, 8, 21, '2019-08-15 09:30:47', '2019-08-15 09:30:47'),
(115, 'rerum', 'Natus hic perspiciatis unde sunt qui illum. Ex atque minus voluptatibus sit commodi. Possimus quis repellat quia deleniti iste quidem molestiae. Explicabo dicta cupiditate minus nihil.', 525, 0, 8, '2019-08-15 09:30:47', '2019-08-15 09:30:47'),
(116, 'voluptas', 'Non et suscipit a aut dolor. Vel eligendi qui consequatur beatae.', 799, 2, 4, '2019-08-15 09:30:47', '2019-08-15 09:30:47'),
(117, 'porro', 'Omnis nisi tempore cumque sunt. Itaque exercitationem sed cupiditate numquam rerum non ullam. Nihil dolorem sint voluptatum aspernatur ut eum tenetur.', 315, 2, 21, '2019-08-15 09:30:47', '2019-08-15 09:30:47'),
(118, 'omnis', 'Et quo dicta voluptatem sed. Omnis exercitationem repellat eligendi porro quo minima.', 479, 6, 23, '2019-08-15 09:30:47', '2019-08-15 09:30:47'),
(119, 'voluptatum', 'Sed odio ratione eum. Quam accusantium aut id incidunt. Rerum eum adipisci assumenda similique reprehenderit cum.', 397, 4, 12, '2019-08-15 09:30:47', '2019-08-15 09:30:47'),
(120, 'excepturi', 'Voluptates non fuga eos et eum ut porro voluptas. Autem corporis consequatur qui perferendis. Molestiae sapiente odio saepe tempora dignissimos at dolores.', 731, 8, 16, '2019-08-15 09:30:47', '2019-08-15 09:30:47'),
(121, 'expedita', 'Ut id molestiae deleniti libero inventore facilis. Quae nisi officiis omnis. Sint consequatur id inventore officiis.', 221, 3, 7, '2019-08-15 09:30:47', '2019-08-15 09:30:47'),
(122, 'illo', 'Unde aut et nostrum corrupti ratione ratione aut. Neque ipsam nisi suscipit maxime voluptatibus dolorum. Rerum tempora voluptatem est nihil nulla officia.', 935, 9, 11, '2019-08-15 09:30:47', '2019-08-15 09:30:47'),
(123, 'odit', 'Molestias nostrum omnis et suscipit. Aliquam et voluptatem eveniet ut suscipit et adipisci architecto. Laborum distinctio rerum deserunt et magnam repellendus aperiam.', 212, 7, 21, '2019-08-15 09:30:47', '2019-08-15 09:30:47'),
(124, 'officiis', 'Sint et molestias et sequi soluta. Dolorem magnam explicabo vel pariatur qui. Earum vero sunt corporis qui.', 556, 3, 20, '2019-08-15 09:30:47', '2019-08-15 09:30:47'),
(125, 'quod', 'Et dicta vel voluptatum dolores ipsa eveniet. Eum eius non doloribus nesciunt nulla. Consequatur saepe iste ut aliquam dolores illo id.', 826, 0, 19, '2019-08-15 09:30:47', '2019-08-15 09:30:47'),
(126, 'sunt', 'Ratione omnis magnam quos nam ut. A laudantium nulla voluptate quia repellendus consequatur dolor. Qui eius sit et dignissimos consequatur dolor quis. Autem perspiciatis aliquid non est ratione nihil.', 538, 1, 12, '2019-08-15 09:30:47', '2019-08-15 09:30:47'),
(127, 'sit', 'Dolorem ex reprehenderit perspiciatis non qui. Facere laborum in asperiores. Aut ratione est excepturi voluptatem dignissimos.', 621, 1, 28, '2019-08-15 09:30:47', '2019-08-15 09:30:47'),
(128, 'voluptatem', 'Eos dolor et sit officiis ad at. Id eos exercitationem excepturi animi natus. Deserunt incidunt iusto neque non nobis aut. Voluptatum consequatur veritatis ducimus odio ipsum.', 481, 3, 4, '2019-08-15 09:30:47', '2019-08-15 09:30:47'),
(129, 'sed', 'Quas ad ipsum omnis ab nemo. Omnis ducimus ad laboriosam tempora quae qui. Consequuntur quidem deleniti incidunt et placeat facere.', 388, 3, 16, '2019-08-15 09:30:47', '2019-08-15 09:30:47'),
(130, 'et', 'Inventore quasi et eum et aut et libero. Illum aut placeat sit minima nisi iste voluptatem et. Minus dicta aut tempore enim ea aperiam. Voluptatem non laudantium cumque asperiores est.', 295, 9, 25, '2019-08-15 09:30:47', '2019-08-15 09:30:47'),
(131, 'assumenda', 'Aut harum soluta quam sed voluptas dignissimos. Natus consequuntur quis neque voluptas quam sit quod. Quasi aperiam quasi omnis nulla.', 121, 1, 12, '2019-08-15 09:30:47', '2019-08-15 09:30:47'),
(132, 'facilis', 'A voluptates nemo quia eos ipsam voluptatem numquam nam. Est molestiae et et saepe vel ut. Et labore odit dolorem omnis a corporis. Consequatur nulla cum similique illo deserunt sint.', 809, 9, 13, '2019-08-15 09:30:47', '2019-08-15 09:30:47'),
(133, 'inventore', 'Voluptates blanditiis harum neque ut libero facilis voluptate. Est error accusantium dolores perspiciatis saepe quam sapiente voluptas. Ratione et fuga dolor debitis. Ea impedit nisi non saepe adipisci et.', 223, 2, 26, '2019-08-15 09:30:47', '2019-08-15 09:30:47'),
(134, 'ratione', 'Enim libero eum tempore. Voluptatum ut et non ratione recusandae corporis non nobis. Sequi dolores maxime minima commodi facere in ab. Corrupti autem incidunt alias aut id.', 773, 7, 13, '2019-08-15 09:30:47', '2019-08-15 09:30:47'),
(135, 'aperiam', 'Et nulla ut quasi accusantium. Tempore totam accusamus fugit error suscipit. In soluta sed voluptatem eaque cumque. Quibusdam quos quia aut hic rem cum.', 500, 4, 4, '2019-08-15 09:30:47', '2019-08-15 09:30:47'),
(136, 'repellendus', 'Omnis similique cumque quidem non aut ut quia. Saepe quasi sapiente in voluptates saepe fugiat voluptatibus doloribus. Eveniet numquam corporis tempora dolorem laborum officia non. Laboriosam labore sit cumque. Officiis nisi odit adipisci quis qui fuga.', 895, 8, 28, '2019-08-15 09:30:47', '2019-08-15 09:30:47'),
(137, 'iure', 'Placeat ut quidem ea. Autem non voluptatem cumque delectus omnis nobis. Maiores quas natus rerum.', 328, 2, 3, '2019-08-15 09:30:47', '2019-08-15 09:30:47'),
(138, 'facere', 'Eos vitae itaque facere velit. Impedit eum eius nostrum et eos sit vel. Aut voluptatem et sit soluta.', 689, 7, 14, '2019-08-15 09:30:47', '2019-08-15 09:30:47'),
(139, 'deleniti', 'Nobis dolorem dolorum ullam ipsa sunt et. Possimus nisi vitae accusamus similique autem dolores. Maiores beatae sit quaerat quae dolorem velit ad. Dolorem illo reiciendis perferendis.', 107, 4, 7, '2019-08-15 09:30:47', '2019-08-15 09:30:47'),
(140, 'quam', 'Accusantium nemo itaque et voluptatem excepturi quia et rerum. Asperiores quis perferendis quis id. Facilis architecto velit qui placeat et.', 129, 8, 4, '2019-08-15 09:30:47', '2019-08-15 09:30:47'),
(141, 'eum', 'Facere impedit maiores impedit vel soluta inventore. Voluptatem explicabo commodi provident ipsam velit impedit magnam. Est est reprehenderit dolores quia.', 706, 2, 23, '2019-08-15 09:30:47', '2019-08-15 09:30:47'),
(142, 'autem', 'Iste iure provident aut debitis ducimus. Qui temporibus harum enim autem esse. Quo perspiciatis architecto harum modi modi consequatur. Maiores consequatur perferendis harum explicabo. Qui aut id non tenetur non et iste placeat.', 685, 7, 30, '2019-08-15 09:30:48', '2019-08-15 09:30:48'),
(143, 'adipisci', 'Ipsum qui praesentium debitis autem nihil ipsum sequi officia. Repellendus voluptatem aperiam alias sit qui. Nihil praesentium quis enim alias totam. Aut enim repudiandae consequatur necessitatibus aut sint voluptatem.', 229, 7, 16, '2019-08-15 09:30:48', '2019-08-15 09:30:48'),
(144, 'illum', 'Sint temporibus nisi nihil iusto quasi. Voluptatem soluta voluptatem vitae pariatur. Doloremque sit repellendus nemo quam reprehenderit quo quae. Distinctio id similique saepe omnis repudiandae et eius. Sit ipsa illo perspiciatis quis dolores.', 820, 9, 27, '2019-08-15 09:30:48', '2019-08-15 09:30:48'),
(145, 'neque', 'Saepe eveniet quisquam ullam exercitationem ipsam vel. Dignissimos voluptatem necessitatibus mollitia sunt. Cumque ipsam minus totam quam sed perferendis. Ex dolore impedit reprehenderit eos.', 452, 8, 15, '2019-08-15 09:30:48', '2019-08-15 09:30:48'),
(146, 'sed', 'Et itaque suscipit soluta. Amet molestiae tempore sit dolor saepe iste. Maxime qui et expedita.', 136, 9, 24, '2019-08-15 09:30:48', '2019-08-15 09:30:48'),
(147, 'aliquid', 'Omnis ea atque expedita vel fugiat qui cupiditate. Laboriosam tempora esse non quia ut voluptatem provident. Earum optio ut voluptas enim harum beatae.', 226, 6, 8, '2019-08-15 09:30:48', '2019-08-15 09:30:48'),
(148, 'rem', 'Minima quis minus doloremque. Blanditiis aspernatur animi qui accusamus exercitationem nemo culpa. Nobis id sed non. Et sed ullam est optio perferendis aspernatur.', 677, 2, 27, '2019-08-15 09:30:48', '2019-08-15 09:30:48'),
(149, 'non', 'Dolores laborum vero beatae eos ut. Debitis beatae delectus corporis laborum. Veritatis nobis quis error in possimus adipisci est. Nam sit impedit mollitia sed explicabo sit tempora.', 489, 1, 18, '2019-08-15 09:30:48', '2019-08-15 09:30:48'),
(150, 'harum', 'Qui laborum enim ut et aut sunt quis. Sunt maxime sed possimus nihil. Culpa ea non vero eos praesentium iste eius. Atque voluptatem adipisci suscipit doloremque id sit sed nulla.', 719, 4, 4, '2019-08-15 09:30:48', '2019-08-15 09:30:48'),
(151, 'similique', 'Aperiam nisi molestias ipsa in odio ipsam. Sint ducimus et quia sed eveniet asperiores. In quia repudiandae autem ab.', 337, 6, 28, '2019-08-15 09:31:41', '2019-08-15 09:31:41'),
(152, 'quos', 'Et veritatis nihil ut aut. Magni voluptas veniam quia qui ut quasi mollitia. Eum quasi sit sapiente fugit beatae quae. Quasi deleniti nostrum eum iste rem.', 560, 4, 13, '2019-08-15 09:31:41', '2019-08-15 09:31:41'),
(153, 'laborum', 'Iste ducimus quo officia. Est esse hic est corporis nam laboriosam ab. Molestiae mollitia ratione autem at perferendis illo amet.', 834, 3, 2, '2019-08-15 09:31:41', '2019-08-15 09:31:41'),
(154, 'magni', 'Et necessitatibus eum est id repellat nemo quos. Modi beatae magnam iste magni perspiciatis repellat. Minima recusandae perspiciatis accusantium quas vel id eum voluptatibus. Repellendus sed modi perspiciatis magni. Ullam nihil nemo totam repellendus.', 333, 4, 6, '2019-08-15 09:31:41', '2019-08-15 09:31:41'),
(155, 'non', 'Recusandae qui eveniet enim ipsam est hic omnis. Doloribus iure possimus rerum. Ut placeat dolore esse nesciunt.', 226, 5, 16, '2019-08-15 09:31:41', '2019-08-15 09:31:41'),
(156, 'facere', 'Sequi qui nihil aliquid nobis. Aperiam similique non ab voluptas fuga itaque corrupti. Labore tenetur minus deserunt esse unde dicta illum. Aut corporis molestias quos qui.', 338, 7, 8, '2019-08-15 09:31:41', '2019-08-15 09:31:41'),
(157, 'porro', 'Ipsam natus a fugit consequatur. Laudantium aliquid quidem nihil ea fugiat sapiente. Deleniti optio incidunt corporis ut tenetur repellendus voluptas.', 594, 0, 11, '2019-08-15 09:31:41', '2019-08-15 09:31:41'),
(158, 'iusto', 'Omnis est id rem facere dolores asperiores sunt. Delectus dolores animi sed sit consequatur. Cum consequatur commodi dignissimos provident praesentium repellat placeat qui.', 445, 4, 25, '2019-08-15 09:31:41', '2019-08-15 09:31:41'),
(159, 'consequatur', 'Nisi praesentium fugit neque minima. Beatae ut qui alias in et non. Eum ea cum consequatur harum numquam nulla ut.', 273, 3, 26, '2019-08-15 09:31:41', '2019-08-15 09:31:41'),
(160, 'deleniti', 'Magni minima consequatur quas eius aut porro. Unde velit rerum aut.', 345, 7, 12, '2019-08-15 09:31:41', '2019-08-15 09:31:41'),
(161, 'quia', 'Quia soluta est nostrum laboriosam voluptas nesciunt iusto. Sit et quia sed voluptatem expedita dolorum. Voluptates quis aliquam dolor voluptatem magni facere.', 586, 9, 25, '2019-08-15 09:31:41', '2019-08-15 09:31:41'),
(162, 'ex', 'Quisquam ut unde at quidem. Cum ut veniam saepe. Accusamus voluptate consectetur impedit culpa magni accusantium.', 891, 4, 7, '2019-08-15 09:31:42', '2019-08-15 09:31:42'),
(163, 'excepturi', 'Maiores laboriosam eveniet qui deleniti ipsam rem reprehenderit. Illum omnis ut odit repudiandae minima. Incidunt reiciendis quo nemo.', 167, 3, 9, '2019-08-15 09:31:42', '2019-08-15 09:31:42'),
(164, 'autem', 'Inventore quia ut quia aliquam. Porro alias sint ea sequi ut nobis. Voluptatum id qui ad ut et accusantium quidem vitae. Optio autem quo nam ut.', 603, 5, 5, '2019-08-15 09:31:42', '2019-08-15 09:31:42'),
(165, 'autem', 'Sapiente atque qui eos eos ipsa non eaque. Qui omnis unde consequatur et. Vel ea molestias id alias beatae totam. Aspernatur suscipit optio ratione et numquam explicabo.', 373, 7, 14, '2019-08-15 09:31:42', '2019-08-15 09:31:42'),
(166, 'dolores', 'Ipsa et quis tempora voluptas ab rerum dolor. Delectus laudantium reiciendis alias aliquam et. Expedita necessitatibus voluptas non.', 182, 4, 9, '2019-08-15 09:31:42', '2019-08-15 09:31:42'),
(167, 'sint', 'Laborum iste ipsam expedita iusto non. Illum earum commodi quam nisi ut ex. Consequatur odio voluptatum nostrum. Aspernatur id non ratione rerum.', 948, 7, 28, '2019-08-15 09:31:42', '2019-08-15 09:31:42'),
(168, 'rerum', 'Molestiae omnis quam facere tempore ipsa magni. Doloribus quos magnam natus quos. Hic soluta quis culpa quo quia rerum.', 468, 3, 30, '2019-08-15 09:31:42', '2019-08-15 09:31:42'),
(169, 'nihil', 'Illo est ipsa est qui qui. Quae placeat deserunt et eum error. Ut sapiente nisi possimus dolor perspiciatis assumenda officiis.', 506, 3, 8, '2019-08-15 09:31:42', '2019-08-15 09:31:42'),
(170, 'odio', 'Cum quidem et est illo asperiores. Itaque repellat illum suscipit repellendus modi.', 297, 3, 27, '2019-08-15 09:31:42', '2019-08-15 09:31:42'),
(171, 'ullam', 'Fugiat voluptas saepe omnis tempora. Laborum quae consequatur maxime aut est quia. Suscipit magni modi soluta ea.', 373, 6, 2, '2019-08-15 09:31:42', '2019-08-15 09:31:42'),
(172, 'mollitia', 'In rerum sed non nam exercitationem a. Et aut neque quidem cum dolor. Molestiae voluptatum ut velit id. Neque nemo numquam sed aut nam qui vel ratione.', 481, 3, 7, '2019-08-15 09:31:42', '2019-08-15 09:31:42'),
(173, 'animi', 'Explicabo consequatur tempore et ullam. Odit et voluptas corporis rerum cumque voluptatibus adipisci qui. Laboriosam ut architecto labore error.', 739, 3, 4, '2019-08-15 09:31:42', '2019-08-15 09:31:42'),
(174, 'aliquid', 'Commodi illo architecto veritatis voluptates qui provident ipsam. Dolorem dicta sapiente magnam ullam.', 208, 1, 16, '2019-08-15 09:31:42', '2019-08-15 09:31:42'),
(175, 'ex', 'Quas tempora qui soluta qui voluptatem molestiae expedita. Tempora labore quis repellendus recusandae pariatur dolorum quasi. Quis velit et debitis vel.', 193, 3, 6, '2019-08-15 09:31:42', '2019-08-15 09:31:42'),
(176, 'quis', 'Velit eos voluptates sed reiciendis soluta. Aut laboriosam libero minus dicta pariatur. Consectetur modi consectetur rem aut ut eos. Ut consequatur autem veniam assumenda consectetur sapiente culpa repudiandae.', 685, 2, 10, '2019-08-15 09:31:42', '2019-08-15 09:31:42'),
(177, 'totam', 'Illo corrupti facere ut. Possimus aut impedit est rerum autem. Quidem qui a cumque voluptas numquam. Ducimus voluptatem iusto minima ipsa ut quis.', 929, 5, 3, '2019-08-15 09:31:42', '2019-08-15 09:31:42'),
(178, 'eligendi', 'Dolorem enim voluptates ipsa saepe. Natus aperiam molestiae saepe in odit voluptatem maxime placeat. Pariatur dicta et et eos. Quo assumenda qui rerum ut. Non perferendis similique itaque soluta vitae.', 194, 8, 29, '2019-08-15 09:31:42', '2019-08-15 09:31:42'),
(179, 'et', 'Ad omnis in laborum et suscipit voluptatem blanditiis. Suscipit enim deserunt et molestias possimus. Aliquid in nihil mollitia qui perspiciatis veritatis. Quo minima cum qui et. Est molestias modi sunt iure.', 406, 5, 29, '2019-08-15 09:31:42', '2019-08-15 09:31:42'),
(180, 'ipsa', 'Cupiditate vitae et quo nobis hic. In laborum vero sunt soluta tempora consequatur consequatur. Modi veritatis ipsa eos nulla tempore excepturi consectetur.', 866, 1, 29, '2019-08-15 09:31:42', '2019-08-15 09:31:42'),
(181, 'aperiam', 'Neque fuga consectetur accusamus tempore voluptates et. Est minima incidunt aut modi molestias et. Natus eum iure quos repellendus necessitatibus optio.', 663, 6, 28, '2019-08-15 09:31:42', '2019-08-15 09:31:42'),
(182, 'quia', 'Vero aperiam necessitatibus et sit velit non. Officiis ut sint quibusdam quo magnam dolore. Non quaerat qui consequatur dolorem ipsa fugit et quod. Voluptatem eum pariatur sed totam sunt recusandae et.', 233, 5, 7, '2019-08-15 09:31:42', '2019-08-15 09:31:42'),
(183, 'molestiae', 'Debitis autem consequatur praesentium minima suscipit temporibus. Beatae soluta illo sit rerum. Quo asperiores ratione sunt.', 786, 8, 29, '2019-08-15 09:31:42', '2019-08-15 09:31:42'),
(184, 'ut', 'Non sit ratione dolorem aspernatur qui. Non itaque aut consequatur autem eum maxime necessitatibus. Ab libero aut libero dicta quia.', 398, 4, 27, '2019-08-15 09:31:42', '2019-08-15 09:31:42'),
(185, 'rerum', 'Non sunt nihil id eaque sit voluptas optio. Laboriosam voluptatem maiores deserunt ut reiciendis rerum esse. Esse nobis magnam nam sit dignissimos.', 619, 4, 9, '2019-08-15 09:31:42', '2019-08-15 09:31:42'),
(186, 'iusto', 'Quos culpa beatae at ex. Aut et distinctio voluptas rem. Dolorem similique voluptas vero quae sunt occaecati. Fuga qui voluptatem culpa esse repellat enim.', 800, 1, 26, '2019-08-15 09:31:42', '2019-08-15 09:31:42'),
(187, 'laborum', 'Tenetur adipisci illum aut voluptatibus porro laboriosam. Eligendi maxime eius facilis debitis libero corrupti omnis in. Quasi rerum libero non eos. Totam sed nisi et labore.', 718, 6, 23, '2019-08-15 09:31:42', '2019-08-15 09:31:42'),
(188, 'est', 'Quos esse voluptatem ipsam modi ipsum quasi molestiae. Sint enim non est maxime.', 261, 3, 8, '2019-08-15 09:31:42', '2019-08-15 09:31:42'),
(189, 'aut', 'Occaecati voluptatem perferendis voluptate aspernatur praesentium facilis. Aliquam officiis pariatur hic culpa odio facere pariatur rerum.', 336, 4, 3, '2019-08-15 09:31:43', '2019-08-15 09:31:43'),
(190, 'consequatur', 'Non sunt qui animi cupiditate ad. Et necessitatibus porro numquam velit minus ut. Ullam dolorum doloremque molestiae. Maiores quaerat voluptas consectetur quasi non.', 687, 5, 5, '2019-08-15 09:31:43', '2019-08-15 09:31:43'),
(191, 'dolor', 'Aspernatur odit aperiam doloribus similique aut exercitationem. Commodi nam error dicta. Magnam aut nulla delectus ipsam sit. Nemo architecto cum sed aut ab aut et.', 771, 8, 6, '2019-08-15 09:31:43', '2019-08-15 09:31:43'),
(192, 'quidem', 'Cupiditate praesentium et at voluptatem ex tempore molestiae. Labore rerum est odio iste quibusdam dolore iure. Assumenda voluptate fugiat perspiciatis repellat accusamus. Nihil nobis rerum velit officiis aut minus.', 173, 4, 3, '2019-08-15 09:31:43', '2019-08-15 09:31:43'),
(193, 'quisquam', 'Nesciunt doloremque qui facere dolore facere animi sequi. Non odit quidem necessitatibus sed non aut maiores. Praesentium eaque mollitia ut excepturi sed.', 611, 2, 5, '2019-08-15 09:31:43', '2019-08-15 09:31:43'),
(194, 'architecto', 'Commodi consequuntur quia nesciunt reprehenderit perspiciatis eligendi. Ea est nostrum rem dolor eum iste. Eius molestias ullam et non et occaecati asperiores.', 618, 2, 6, '2019-08-15 09:31:43', '2019-08-15 09:31:43'),
(195, 'possimus', 'Ipsa est qui dolor id assumenda animi blanditiis eos. Laborum rerum eligendi quis non sed sint. Impedit eius ipsum ullam molestiae laborum molestiae quas. Sapiente sed et a qui ut dolore sed. Fugiat et voluptatem dicta et dolorem quia.', 385, 3, 13, '2019-08-15 09:31:43', '2019-08-15 09:31:43'),
(196, 'ab', 'Culpa ullam distinctio aut. Excepturi ipsum est quidem vero voluptatem magni. Magni voluptate quibusdam accusamus aut dolores nobis vero. Ipsum excepturi fugiat tempore nemo molestiae.', 826, 7, 18, '2019-08-15 09:31:43', '2019-08-15 09:31:43'),
(197, 'quod', 'Voluptas illo porro voluptas voluptates dolorem fugit. Quia aliquam eius eos incidunt. Minima saepe velit optio in in.', 517, 7, 21, '2019-08-15 09:31:43', '2019-08-15 09:31:43'),
(198, 'ut', 'Ea distinctio fugiat et iure. Repellendus ea qui eligendi id quod. Aperiam ipsa et hic enim saepe voluptate omnis.', 454, 4, 28, '2019-08-15 09:31:43', '2019-08-15 09:31:43'),
(199, 'aliquam', 'Sunt praesentium ipsa porro autem inventore sint. Ut reprehenderit non iure debitis mollitia dolore alias exercitationem. Incidunt quam est et suscipit maxime. Quidem distinctio voluptatem sint aut autem. Voluptatibus rerum possimus quod molestiae esse.', 936, 1, 16, '2019-08-15 09:31:43', '2019-08-15 09:31:43'),
(200, 'commodi', 'Voluptas nesciunt molestias maxime repellat illo adipisci quia. Voluptates explicabo inventore labore ut repellendus blanditiis accusantium eveniet. Similique at nesciunt minus minus.', 221, 3, 9, '2019-08-15 09:31:43', '2019-08-15 09:31:43');

-- --------------------------------------------------------

--
-- Table structure for table `reviews`
--

CREATE TABLE `reviews` (
  `id` bigint(20) UNSIGNED NOT NULL,
  `product_id` int(10) UNSIGNED NOT NULL,
  `customer` varchar(191) COLLATE utf8mb4_unicode_ci NOT NULL,
  `review` text COLLATE utf8mb4_unicode_ci NOT NULL,
  `star` varchar(191) COLLATE utf8mb4_unicode_ci NOT NULL,
  `created_at` timestamp NULL DEFAULT NULL,
  `updated_at` timestamp NULL DEFAULT NULL
) ENGINE=InnoDB DEFAULT CHARSET=utf8mb4 COLLATE=utf8mb4_unicode_ci;

--
-- Dumping data for table `reviews`
--

INSERT INTO `reviews` (`id`, `product_id`, `customer`, `review`, `star`, `created_at`, `updated_at`) VALUES
(1, 9, 'Maximillian Kulas', 'Molestiae enim ex blanditiis eius asperiores sed. Ipsam nihil molestiae exercitationem id optio nisi. Iure quos aliquid qui in accusantium.', '1', '2019-08-15 09:31:45', '2019-08-15 09:31:45'),
(2, 25, 'Gardner Ernser', 'Saepe quod non temporibus ratione est dolor vitae. Aperiam eos reiciendis nihil officiis. Perferendis perspiciatis laborum voluptatum quaerat hic autem. Est ut modi doloribus in amet.', '4', '2019-08-15 09:31:45', '2019-08-15 09:31:45'),
(3, 165, 'Elyse Cremin', 'Voluptates molestias aut fugiat et ullam. Quidem cupiditate molestiae consequatur asperiores eos. Reprehenderit commodi pariatur maxime quasi sapiente.', '1', '2019-08-15 09:31:45', '2019-08-15 09:31:45'),
(4, 67, 'Ms. Marge Haag', 'Veniam eveniet minima velit iusto dolores officiis. Voluptatem nisi alias molestiae enim ex placeat. Consequatur quod facilis aperiam ea suscipit. Voluptatem eos labore ut.', '3', '2019-08-15 09:31:45', '2019-08-15 09:31:45'),
(5, 145, 'Prof. Bernard Ferry DVM', 'Iste vero cum iure suscipit numquam. Aut sit quo adipisci eaque laudantium. Cum sit voluptatem ullam non in libero.', '2', '2019-08-15 09:31:45', '2019-08-15 09:31:45'),
(6, 130, 'Margret Bernhard Jr.', 'Recusandae suscipit illo reiciendis et. Libero consectetur et maxime recusandae accusantium dolorem facilis. Consequatur minima delectus aperiam maiores sit inventore. Veritatis reiciendis cupiditate earum qui maxime. Maxime et laborum eaque et quia.', '3', '2019-08-15 09:31:45', '2019-08-15 09:31:45'),
(7, 32, 'Cordell Becker', 'Consequuntur omnis aut voluptates natus odit dicta. Quis nobis est ut culpa. Aspernatur non ut nesciunt odio.', '4', '2019-08-15 09:31:45', '2019-08-15 09:31:45'),
(8, 150, 'Prof. Nick Gorczany DDS', 'Dolor est quia est. Tempora atque iste consectetur provident in tempore quibusdam. Molestias qui fugit accusamus dolore est. Nam sit non sint incidunt.', '3', '2019-08-15 09:31:45', '2019-08-15 09:31:45'),
(9, 198, 'Gwendolyn Brown', 'Ut eos ad nobis et. Esse omnis illum sed qui deleniti et. Ea rerum qui quam quas culpa. Repellendus consequatur consequatur non voluptas aut ea non.', '5', '2019-08-15 09:31:45', '2019-08-15 09:31:45'),
(10, 167, 'Emie Beatty', 'Magnam adipisci ut fugiat autem itaque corporis sunt. Praesentium tempora culpa quaerat sit error et. Qui ex fugit animi eos ea eaque. Voluptatem vero consequuntur eligendi quis ad voluptatibus soluta.', '0', '2019-08-15 09:31:45', '2019-08-15 09:31:45'),
(11, 182, 'Jackie Zemlak', 'Adipisci enim qui velit quia. Facilis iste omnis dolores magni harum a vero repellendus.', '1', '2019-08-15 09:31:45', '2019-08-15 09:31:45'),
(12, 200, 'Viola Mitchell', 'Et iure deleniti in et. Sapiente eveniet ratione voluptas maiores et voluptatum. Et minus sequi enim aliquid qui enim dignissimos.', '3', '2019-08-15 09:31:45', '2019-08-15 09:31:45'),
(13, 111, 'Cruz Wisozk DDS', 'Provident impedit voluptatibus id quis. Eos sint fugiat vel laboriosam quia. Itaque modi hic quidem doloribus est ex. Architecto voluptatem mollitia neque nisi consequatur placeat aut adipisci. Ut accusantium saepe nemo nulla exercitationem.', '0', '2019-08-15 09:31:45', '2019-08-15 09:31:45'),
(14, 124, 'Mr. Damian Klocko', 'Voluptatem nam unde aspernatur eligendi qui impedit. Fuga eaque tempore error ut ea sint.', '0', '2019-08-15 09:31:45', '2019-08-15 09:31:45'),
(15, 130, 'Kamille Osinski', 'Perferendis qui dolor qui facere mollitia et nesciunt. Excepturi earum qui dolor ab omnis quis. Qui non harum sit iusto quisquam quis. Aperiam atque suscipit fugit ipsa alias impedit.', '2', '2019-08-15 09:31:45', '2019-08-15 09:31:45'),
(16, 115, 'Elena Zboncak', 'Mollitia ipsum fugit sunt sapiente alias. Perferendis omnis ex magni aut delectus. Dolores nihil qui laborum consequatur. Molestiae nesciunt corrupti cumque suscipit at.', '3', '2019-08-15 09:31:45', '2019-08-15 09:31:45'),
(17, 66, 'Mrs. Cora Veum PhD', 'Rerum aut ratione sunt occaecati quae hic. Facilis dolorum reprehenderit explicabo minus laborum. Optio nihil nisi est labore. Alias delectus accusantium adipisci quisquam et.', '0', '2019-08-15 09:31:45', '2019-08-15 09:31:45'),
(18, 5, 'Mrs. Malvina Luettgen', 'Aut delectus consequatur veritatis ut. Quo nihil labore laborum voluptas earum dolor eos. Quod iusto voluptates veritatis ut. Laudantium voluptatibus ratione temporibus et.', '2', '2019-08-15 09:31:45', '2019-08-15 09:31:45'),
(19, 165, 'Heber Harvey', 'Dolor nam tempore qui quia accusantium. Aut dolorem laboriosam consequuntur assumenda quia ratione aut. Error ullam quos ab vitae. Quaerat beatae recusandae sint officiis asperiores qui laudantium. Cupiditate delectus suscipit molestias est ad vel pariatur.', '3', '2019-08-15 09:31:45', '2019-08-15 09:31:45'),
(20, 136, 'Ressie Koelpin V', 'Sunt nihil nulla eum voluptatibus ducimus aut sed. Dolorem sequi tempore mollitia hic. Consequatur quo fugiat ullam amet placeat quibusdam. Numquam delectus tenetur in.', '0', '2019-08-15 09:31:45', '2019-08-15 09:31:45'),
(21, 159, 'Mr. Michel Koch DVM', 'Nihil culpa est odit illum aut ut molestias. Et doloremque ut officiis nobis. Excepturi vel suscipit ut sint. Distinctio sapiente doloribus quibusdam ducimus sint laudantium iste quo.', '0', '2019-08-15 09:31:45', '2019-08-15 09:31:45'),
(22, 149, 'Prof. Golda Crist DVM', 'Nobis est minus architecto quo harum. Dolores accusamus voluptatem dolorum ut error aut voluptas libero. Est inventore eius non sed vitae nesciunt temporibus. Molestiae voluptate ea impedit sed laboriosam.', '0', '2019-08-15 09:31:45', '2019-08-15 09:31:45'),
(23, 104, 'Brigitte Gusikowski', 'Fugiat qui et velit id occaecati. Saepe a corrupti aspernatur numquam. Qui officiis sed dolor consequatur. Molestiae nemo unde eum odio accusantium.', '1', '2019-08-15 09:31:45', '2019-08-15 09:31:45'),
(24, 61, 'Gretchen Wilderman', 'Omnis id inventore incidunt libero reiciendis laborum. Accusamus tenetur est rerum ex nulla aspernatur excepturi.', '3', '2019-08-15 09:31:45', '2019-08-15 09:31:45'),
(25, 32, 'Ricky Marks', 'Qui at ea et voluptatem eaque molestiae. Aliquam saepe itaque nulla.', '2', '2019-08-15 09:31:45', '2019-08-15 09:31:45'),
(26, 64, 'Landen Kunze', 'Quam doloribus iusto cum repellendus exercitationem et in. Dignissimos aut et iure quaerat dolores autem. Placeat et ut reiciendis ut recusandae quasi fugit in. Est eaque voluptatem ea harum. Magni labore suscipit eveniet voluptate.', '3', '2019-08-15 09:31:45', '2019-08-15 09:31:45'),
(27, 159, 'Lilyan Harvey', 'Odit aut accusantium quas nostrum aut cupiditate possimus. Perferendis est sint similique aut quis voluptas temporibus. Cumque dolorem quod cum asperiores facere maiores et.', '0', '2019-08-15 09:31:45', '2019-08-15 09:31:45'),
(28, 72, 'Dr. Lisandro Tremblay', 'Odit et architecto suscipit at. Quis exercitationem at qui aut. Tempore earum nihil officia sapiente itaque qui.', '4', '2019-08-15 09:31:46', '2019-08-15 09:31:46'),
(29, 171, 'Devon Carter', 'Deserunt dolores in quod rerum officia fugiat. Ex sed quisquam eveniet id ut ut. Perferendis mollitia numquam consectetur iusto inventore rem quibusdam. Doloremque laudantium quo quia fuga qui perspiciatis ut.', '1', '2019-08-15 09:31:46', '2019-08-15 09:31:46'),
(30, 136, 'Sandrine Becker', 'Animi sit eum ad. Magnam explicabo sit ut repellat. Laboriosam voluptate est consequatur quidem dolorum soluta et.', '2', '2019-08-15 09:31:46', '2019-08-15 09:31:46'),
(31, 183, 'Dr. Eva Pouros', 'In magnam et iusto. At perspiciatis minus tenetur tempora eaque reiciendis facere aut. Fugit ut est dolores consequuntur consequatur. Facilis odio ut excepturi qui fugiat provident.', '2', '2019-08-15 09:31:46', '2019-08-15 09:31:46'),
(32, 142, 'Eli Volkman', 'Et eum totam cum quae. Officia laboriosam est ut velit aliquid. Quia adipisci eos est quisquam.', '5', '2019-08-15 09:31:46', '2019-08-15 09:31:46'),
(33, 148, 'Ms. Estrella Emmerich', 'Tempora aut quia omnis ut et. Dignissimos voluptas a ullam officia tenetur atque et. Mollitia quas eveniet porro eius perferendis.', '5', '2019-08-15 09:31:46', '2019-08-15 09:31:46'),
(34, 86, 'Mateo Lind', 'Perferendis unde sunt voluptas impedit qui doloribus. Aut id consequatur ut sit. Qui deserunt asperiores tempore cupiditate illum porro.', '5', '2019-08-15 09:31:46', '2019-08-15 09:31:46'),
(35, 135, 'Kathryn Dach III', 'Sapiente et expedita quasi repudiandae. Velit id animi eum sint ut inventore aspernatur culpa. Magni tempore qui id labore harum nemo vel. Fugit iure odit eligendi a ullam. Tempora minima iusto aliquam eos accusantium excepturi qui.', '0', '2019-08-15 09:31:46', '2019-08-15 09:31:46'),
(36, 161, 'Rowland Gleichner', 'Distinctio qui excepturi nostrum eius rerum consequatur sit. In fugit fugiat iusto tenetur. Et atque qui aut vero.', '2', '2019-08-15 09:31:46', '2019-08-15 09:31:46'),
(37, 68, 'Kailyn Emmerich', 'Expedita minus praesentium autem eum. Dolores rerum non deserunt. Est dolorem eligendi veniam accusantium.', '0', '2019-08-15 09:31:46', '2019-08-15 09:31:46'),
(38, 181, 'Winnifred Olson III', 'Illo molestiae fugit atque unde. Repellendus sint eum eius. Veniam ipsum amet consequatur quae accusantium enim nisi. Voluptatem harum sit aliquam qui.', '5', '2019-08-15 09:31:46', '2019-08-15 09:31:46'),
(39, 108, 'Miss Frida Keebler Sr.', 'Sed voluptate quia rerum porro nostrum. Consequatur perferendis qui similique cum autem ad. Facilis deleniti sed eum omnis amet accusamus.', '0', '2019-08-15 09:31:46', '2019-08-15 09:31:46'),
(40, 65, 'Keagan Feeney Jr.', 'Fugit autem eveniet soluta est aut voluptatem vel possimus. Dignissimos ut blanditiis fugit possimus. Ut vitae quidem ipsum amet magnam ipsum.', '1', '2019-08-15 09:31:46', '2019-08-15 09:31:46'),
(41, 6, 'Rocio Robel', 'Similique natus expedita ipsum odio fugit cupiditate. Consequatur sed enim temporibus. Est accusamus sed est iure. Omnis dolorem nulla et reiciendis.', '4', '2019-08-15 09:31:46', '2019-08-15 09:31:46'),
(42, 121, 'Prof. Eladio Jast', 'Sunt voluptates aliquid quibusdam aut ducimus. Animi et qui quae aut dolore. Quis eaque quas qui et eos tempora.', '5', '2019-08-15 09:31:46', '2019-08-15 09:31:46'),
(43, 196, 'Dr. Lucius Dietrich', 'Esse perferendis animi et ut. Earum quos quo esse rem ratione molestiae. Non modi minima optio minus animi.', '4', '2019-08-15 09:31:46', '2019-08-15 09:31:46'),
(44, 90, 'Dr. Claud Strosin', 'Vero inventore totam distinctio molestias quasi. Blanditiis quod esse consequatur soluta harum inventore vitae atque. Ipsam cumque aspernatur maiores nemo. Ut esse non nostrum vel.', '3', '2019-08-15 09:31:46', '2019-08-15 09:31:46'),
(45, 150, 'Stanton Jerde', 'Deleniti explicabo sunt iure animi qui voluptas quia commodi. Facere enim laborum voluptas iusto voluptate. Recusandae expedita sed magnam molestiae et voluptas. Nemo aut quae natus omnis suscipit.', '2', '2019-08-15 09:31:46', '2019-08-15 09:31:46'),
(46, 93, 'Roxane Robel', 'Et assumenda est quos debitis sit facilis. Quo quos veniam magnam magni doloribus placeat placeat. Asperiores voluptatem dolores quis necessitatibus non dolor quos.', '4', '2019-08-15 09:31:46', '2019-08-15 09:31:46'),
(47, 97, 'Mrs. Sandy Considine', 'Ratione quasi qui pariatur temporibus quam dolore eligendi suscipit. Voluptas repellat voluptatem ab ab architecto excepturi id. Id soluta at nobis modi assumenda alias. Autem vitae quas aspernatur et magnam odio quis.', '0', '2019-08-15 09:31:46', '2019-08-15 09:31:46'),
(48, 174, 'Paxton Hartmann IV', 'Et beatae vitae rerum expedita earum molestiae ut et. Rerum est maiores ut excepturi cupiditate rerum. Ad veritatis magni eligendi sequi minus possimus. Et ea optio commodi sint itaque laudantium.', '1', '2019-08-15 09:31:46', '2019-08-15 09:31:46'),
(49, 105, 'Prof. Donnell Medhurst', 'Ut quas ut ea tenetur placeat culpa. Ea ducimus quibusdam aspernatur dignissimos quaerat ut quia. Ex voluptatem autem saepe placeat. Molestiae alias voluptas in quis sint.', '5', '2019-08-15 09:31:46', '2019-08-15 09:31:46'),
(50, 115, 'Marielle Wuckert', 'Qui laboriosam harum dignissimos aperiam aut consequatur. Aliquid aut harum cum quod. Consectetur nisi natus animi voluptas dolores.', '2', '2019-08-15 09:31:46', '2019-08-15 09:31:46'),
(51, 141, 'Sylvia Keebler', 'Eius porro error velit qui earum. Laboriosam magnam quam soluta ea amet eum. Labore aliquid distinctio quam voluptatem.', '0', '2019-08-15 09:31:46', '2019-08-15 09:31:46'),
(52, 188, 'Josianne Cremin IV', 'Laborum ut dolorum est et ipsam. Qui ut itaque aliquid reprehenderit error recusandae amet. Nisi eius tempora consequuntur iste sunt. Possimus ut voluptatem omnis ipsum odio nam.', '4', '2019-08-15 09:31:46', '2019-08-15 09:31:46'),
(53, 175, 'Kurtis Hermann', 'Quam id hic eligendi voluptatum. Non nesciunt vel quia aut. Sapiente maiores ratione est quam expedita.', '2', '2019-08-15 09:31:46', '2019-08-15 09:31:46'),
(54, 31, 'Cletus Hegmann', 'Tempore eius quis tenetur quisquam qui. Ut optio quidem nobis beatae repudiandae dignissimos. Nihil aperiam laudantium est expedita iusto distinctio quia repellendus.', '1', '2019-08-15 09:31:46', '2019-08-15 09:31:46'),
(55, 182, 'Mr. Lane Daniel Jr.', 'Vitae aut eius facere officiis quod. Rerum doloremque commodi voluptas voluptatum sit. Consequatur provident ea et non. Sed eos sit consectetur ea quas autem.', '3', '2019-08-15 09:31:46', '2019-08-15 09:31:46'),
(56, 185, 'Maximo Hagenes', 'Molestias et dicta aperiam eveniet id. Totam ut sequi nemo alias rerum enim. Sint tempora quisquam mollitia aperiam recusandae.', '4', '2019-08-15 09:31:46', '2019-08-15 09:31:46'),
(57, 41, 'Katherine Toy', 'Labore atque eligendi adipisci voluptatibus incidunt id. Quam et voluptatem ut a ea iure exercitationem. Dolorem consequuntur facilis rerum quia voluptas et. Quae et officiis maiores qui id distinctio. Quo quod porro cumque optio sapiente quia animi libero.', '2', '2019-08-15 09:31:46', '2019-08-15 09:31:46'),
(58, 147, 'Arvilla Wolff', 'Quas nihil magnam unde aut. Doloribus et quia vitae dolorum est et. Voluptatem distinctio fugiat architecto aliquid eaque dolor. Eum nesciunt a beatae sit perferendis.', '1', '2019-08-15 09:31:47', '2019-08-15 09:31:47'),
(59, 42, 'Toni Conroy Sr.', 'Reiciendis incidunt alias ut est accusantium quod. Porro tenetur voluptatem rem doloremque. Similique ea minima minima et qui vel. Necessitatibus officiis corporis quia est architecto optio et.', '2', '2019-08-15 09:31:47', '2019-08-15 09:31:47'),
(60, 164, 'Jailyn Konopelski', 'Dolorum accusamus libero eos veritatis aut molestiae. Explicabo facere distinctio sunt. Blanditiis suscipit quidem nulla quas.', '3', '2019-08-15 09:31:47', '2019-08-15 09:31:47'),
(61, 140, 'Bell Abshire', 'Adipisci similique nam ex non sunt beatae. Quos id placeat corrupti provident et numquam commodi alias. Est illum cumque libero ratione maxime. Beatae facere repellendus magnam temporibus nobis dolor laboriosam.', '0', '2019-08-15 09:31:47', '2019-08-15 09:31:47'),
(62, 22, 'Jerrell Bruen', 'Molestiae sit maiores aliquam. Qui qui soluta ut distinctio iste soluta aut. Non tempore eum quas quod est neque nostrum. Voluptatem tempora sed ut est.', '5', '2019-08-15 09:31:47', '2019-08-15 09:31:47'),
(63, 183, 'Kellen Paucek', 'Ut rem illo libero qui expedita temporibus et ad. Accusantium sapiente ut aut enim sunt enim et. Id et accusamus alias esse vel aut. Culpa minima beatae vitae temporibus et consequuntur omnis qui.', '5', '2019-08-15 09:31:47', '2019-08-15 09:31:47'),
(64, 148, 'Rachelle Johnson', 'Neque atque voluptatem veritatis ullam modi est omnis. Minus ea debitis nisi est maxime. Voluptatem minima quis reprehenderit saepe et.', '5', '2019-08-15 09:31:47', '2019-08-15 09:31:47'),
(65, 38, 'Prof. Makenna Smith', 'Rem fuga a et consequatur necessitatibus qui ut. Quia ut suscipit perspiciatis voluptatum. Repellendus sint et sint ut mollitia porro officiis.', '0', '2019-08-15 09:31:47', '2019-08-15 09:31:47'),
(66, 196, 'Roxane Wuckert', 'Enim dolorem enim enim et. Repellat occaecati corporis consectetur sed. Vitae nobis cumque et officia totam.', '0', '2019-08-15 09:31:47', '2019-08-15 09:31:47'),
(67, 130, 'Ernestine Rippin', 'Fugit blanditiis et est maxime. Labore est laborum itaque laborum dolores. Voluptatem porro architecto sed ut quo. Ex error tenetur rerum nihil consequuntur.', '2', '2019-08-15 09:31:47', '2019-08-15 09:31:47'),
(68, 137, 'Prof. Raven Brekke', 'Laborum ut enim rem maiores cum asperiores voluptatum. Soluta quia et odio est. Enim voluptatum impedit veniam hic ipsam eos animi. Sit error ea et autem sit architecto.', '3', '2019-08-15 09:31:47', '2019-08-15 09:31:47'),
(69, 136, 'Nelda Aufderhar', 'Aliquam inventore quasi asperiores rerum voluptatem rerum omnis. Occaecati aut perferendis officia et. Veritatis quisquam et impedit distinctio ut est. Velit eaque vero quia dolor nemo dolorem eos.', '2', '2019-08-15 09:31:47', '2019-08-15 09:31:47'),
(70, 160, 'Verda Wilkinson', 'Cupiditate labore ut fuga ex. Omnis laudantium dolores neque ea et facilis consequatur modi. Enim maiores et atque omnis labore voluptatum quam.', '2', '2019-08-15 09:31:47', '2019-08-15 09:31:47'),
(71, 161, 'Marquis Lindgren', 'Est cupiditate debitis est nihil dolorum. Magni quia natus voluptatem qui officia. Ipsa quo deleniti hic. Molestias enim et natus vel.', '5', '2019-08-15 09:31:47', '2019-08-15 09:31:47'),
(72, 76, 'Ms. Valentina Mayer', 'Animi numquam sunt libero voluptas officiis qui. Veritatis quo maxime quaerat dicta quae qui. Repellat nemo culpa distinctio quis quod eius labore.', '5', '2019-08-15 09:31:47', '2019-08-15 09:31:47'),
(73, 35, 'Burdette Satterfield', 'Minima excepturi consequatur nulla et sed sed debitis. Fuga aut nulla velit eaque. Ut iste architecto dolor animi hic laudantium. Velit et voluptatem aut dolor.', '4', '2019-08-15 09:31:47', '2019-08-15 09:31:47'),
(74, 15, 'Magnus Durgan PhD', 'Rerum laborum porro magnam placeat. Saepe eum ut exercitationem veniam vel consequuntur ab. Est corrupti quam sit hic aut consequatur error.', '2', '2019-08-15 09:31:47', '2019-08-15 09:31:47'),
(75, 41, 'Cristina Welch', 'Vero nulla et doloribus aut. Odit atque corrupti quod omnis ipsum unde eius. Velit et eos architecto cum fuga sunt eligendi. Mollitia labore nostrum libero et autem. Quia et qui deleniti suscipit sapiente sit.', '0', '2019-08-15 09:31:47', '2019-08-15 09:31:47'),
(76, 176, 'Max Romaguera', 'Nihil cum esse et sequi consequatur placeat magni. Velit vel dolor quia omnis ab qui.', '4', '2019-08-15 09:31:47', '2019-08-15 09:31:47'),
(77, 146, 'Sofia Littel', 'Sit est possimus nam at id accusamus. Quam consequatur rerum aut quam rerum rerum modi sequi. Sunt quaerat minus hic error temporibus sint.', '5', '2019-08-15 09:31:47', '2019-08-15 09:31:47'),
(78, 147, 'Nona Senger V', 'Maiores eos et amet suscipit laboriosam et. Vel et eum corporis animi velit eum. Iusto odit fugit dolores est perspiciatis vero. Et nihil ducimus similique ut ipsum. Et hic voluptas sunt odit doloribus.', '0', '2019-08-15 09:31:47', '2019-08-15 09:31:47'),
(79, 120, 'Mr. Herman McGlynn', 'Quos dignissimos odio modi aut ea sunt nulla. Sed animi eum autem. Incidunt voluptas ipsam non.', '5', '2019-08-15 09:31:47', '2019-08-15 09:31:47'),
(80, 192, 'Santos Dare', 'Dolorem odit quam vel omnis voluptate. Veritatis culpa inventore perferendis sint beatae. Ab ex repellat sit.', '0', '2019-08-15 09:31:47', '2019-08-15 09:31:47'),
(81, 142, 'Gabriel Fritsch MD', 'Maxime sit sed est dolores est. Eaque officia officiis ut harum qui autem voluptatem. Dolore sint dignissimos iure reprehenderit est aut. Illum quo sunt ipsam neque officiis at laboriosam.', '3', '2019-08-15 09:31:47', '2019-08-15 09:31:47'),
(82, 130, 'Bailee Metz', 'Corrupti reprehenderit quia impedit omnis animi commodi. Maxime aut facere et quos. Molestiae debitis temporibus laudantium cupiditate rerum earum. Est et praesentium nihil unde fugiat porro.', '5', '2019-08-15 09:31:47', '2019-08-15 09:31:47'),
(83, 111, 'Tressa Brekke', 'Adipisci autem quis quia odio aut. Deleniti placeat voluptatem exercitationem rerum. Ipsum vero quod omnis voluptas et dolorem velit.', '2', '2019-08-15 09:31:47', '2019-08-15 09:31:47'),
(84, 178, 'Rosanna Kuvalis', 'Rerum ipsum voluptatem a aut est voluptates esse repudiandae. Fugit commodi iste architecto aut labore error totam. Eos fugiat nam aperiam assumenda odit officiis non. Ad quia et ea in.', '0', '2019-08-15 09:31:47', '2019-08-15 09:31:47'),
(85, 190, 'Cecilia Durgan', 'Vero sapiente dolorum ut debitis in veniam. Veniam ratione doloribus distinctio et voluptas. Velit nihil fugiat quia provident vel beatae. Iusto non voluptas laborum accusamus quidem.', '4', '2019-08-15 09:31:47', '2019-08-15 09:31:47'),
(86, 104, 'Berry Welch', 'Ullam dolores dolore ipsa deleniti nesciunt. Laboriosam commodi laborum sed cum repellat cumque. Sunt excepturi ut a officia debitis a delectus dolor. Repellat labore corporis debitis maiores voluptatibus.', '5', '2019-08-15 09:31:47', '2019-08-15 09:31:47'),
(87, 186, 'Prof. Narciso Langworth', 'Consequuntur earum possimus sunt. Veniam placeat vero deserunt ad et vel. Quisquam at dolorum magnam atque. Vero itaque commodi rerum delectus temporibus ipsam.', '2', '2019-08-15 09:31:48', '2019-08-15 09:31:48'),
(88, 81, 'Lydia Carroll', 'Dicta qui qui nihil asperiores sunt. Error tempore accusantium similique quia delectus unde ut. Sit quo neque sint debitis.', '3', '2019-08-15 09:31:48', '2019-08-15 09:31:48'),
(89, 194, 'Clair Hills', 'Voluptatem eligendi sed voluptatem ducimus. Modi nostrum magnam minima et deleniti at. Ut repellat odio voluptatem illo excepturi aut.', '3', '2019-08-15 09:31:48', '2019-08-15 09:31:48'),
(90, 180, 'Lowell Beahan', 'Et laudantium reiciendis at aut natus. Libero quia repellendus distinctio cupiditate similique omnis commodi. Dolor et unde sed magni et dolorem aspernatur rerum.', '2', '2019-08-15 09:31:48', '2019-08-15 09:31:48'),
(91, 133, 'Kenyatta Block', 'Fuga maxime et beatae sint. Est velit ea sunt optio. Quam dolor cum quae ex nostrum recusandae quia.', '1', '2019-08-15 09:31:48', '2019-08-15 09:31:48'),
(92, 199, 'Donna Fahey', 'Est aut voluptatem eos magni non veniam. Amet omnis veritatis architecto. Culpa quia consequatur esse quis. Ut rem laudantium nihil sit eos. Natus ipsam et quo in et aut.', '0', '2019-08-15 09:31:48', '2019-08-15 09:31:48'),
(93, 102, 'Hilma Mohr', 'Cum odio architecto pariatur possimus. Sapiente illum eveniet a ut. Magni eveniet consequatur quo dolorem cumque est voluptatem.', '5', '2019-08-15 09:31:48', '2019-08-15 09:31:48'),
(94, 162, 'Ryan Collier', 'Optio id labore sequi est. Beatae quis rerum dicta culpa aspernatur recusandae et. Dolor itaque animi magni corrupti natus quibusdam rerum. Qui illum voluptatem optio necessitatibus placeat et quisquam commodi.', '2', '2019-08-15 09:31:48', '2019-08-15 09:31:48'),
(95, 102, 'Dr. Eleanora Ankunding', 'Ut dolorum debitis nihil. Facilis autem aperiam magni occaecati architecto modi repellendus nostrum. Repudiandae labore eos qui eos esse et doloremque.', '3', '2019-08-15 09:31:48', '2019-08-15 09:31:48'),
(96, 198, 'Eliza White II', 'Amet repudiandae ut aut aut dolor ratione voluptates. Veritatis aut modi et omnis et rerum aut aut. Aut quia et placeat exercitationem sit.', '3', '2019-08-15 09:31:48', '2019-08-15 09:31:48'),
(97, 80, 'Edyth Nader MD', 'Veritatis rerum quia delectus voluptates optio occaecati. Et eveniet sit libero enim magnam. Iste ullam assumenda totam accusamus voluptates.', '0', '2019-08-15 09:31:48', '2019-08-15 09:31:48'),
(98, 171, 'Hershel White', 'Repudiandae sunt quos esse in veniam. Culpa ea inventore quas corrupti dolor natus et. Numquam ipsam quis eveniet earum qui.', '0', '2019-08-15 09:31:48', '2019-08-15 09:31:48'),
(99, 5, 'Monserrat Eichmann', 'Saepe nihil voluptatem pariatur blanditiis aspernatur ut saepe distinctio. Cupiditate et itaque nisi distinctio sit quis.', '4', '2019-08-15 09:31:48', '2019-08-15 09:31:48'),
(100, 41, 'Mara Olson', 'Rerum culpa aut ut nam sunt. Aliquid fugiat voluptas culpa ullam. Ducimus illum laborum praesentium consequuntur aut tempora exercitationem. Consequatur ratione neque et nemo sint sint sint.', '0', '2019-08-15 09:31:48', '2019-08-15 09:31:48'),
(101, 178, 'Cortney Carroll', 'Hic eum facere eum tenetur dolores. Porro necessitatibus optio quae similique voluptate voluptatem consequatur quibusdam. Repudiandae vel quia deleniti aperiam est dolore est. Nisi dolore magni laboriosam enim aut inventore.', '4', '2019-08-15 09:31:48', '2019-08-15 09:31:48'),
(102, 102, 'Geo McCullough', 'Tempora fuga quam nobis. Quibusdam omnis temporibus sequi qui aut velit consequatur. Eveniet illo cupiditate voluptas nemo.', '5', '2019-08-15 09:31:48', '2019-08-15 09:31:48'),
(103, 6, 'Mr. Davion Dietrich', 'Qui aut molestias recusandae et. Provident sunt et qui et itaque quaerat excepturi. Minima eveniet aut qui ea cupiditate provident iure quibusdam. Id at voluptatum autem nobis non.', '0', '2019-08-15 09:31:48', '2019-08-15 09:31:48'),
(104, 194, 'Jammie Blanda PhD', 'Expedita reiciendis iure eos quo commodi non reiciendis nihil. Autem tempora consequatur nostrum eligendi.', '4', '2019-08-15 09:31:48', '2019-08-15 09:31:48'),
(105, 116, 'Dr. Earlene Thompson I', 'Commodi quas nam quidem molestiae. Qui aliquid molestiae non qui non a nam ipsam. Quaerat inventore sit in. Rem ut sunt ipsum hic consequatur enim.', '3', '2019-08-15 09:31:48', '2019-08-15 09:31:48'),
(106, 52, 'Dr. Lew Hahn', 'A est ut delectus repudiandae enim aperiam. Nostrum inventore excepturi quo aut praesentium nihil. Expedita accusantium voluptas iusto ab aut.', '3', '2019-08-15 09:31:48', '2019-08-15 09:31:48'),
(107, 22, 'Grady Weimann I', 'Quis magnam debitis mollitia et beatae est. Pariatur at alias reprehenderit et.', '2', '2019-08-15 09:31:48', '2019-08-15 09:31:48'),
(108, 69, 'Fabiola Kertzmann', 'Voluptatem et mollitia ipsum consequatur similique. Suscipit consectetur similique ducimus sapiente dolorem ullam ea ratione. Nihil velit ea mollitia ratione.', '3', '2019-08-15 09:31:48', '2019-08-15 09:31:48'),
(109, 187, 'Sonia Auer Sr.', 'Quisquam voluptates in necessitatibus veniam. Architecto quia et rerum aut nesciunt debitis architecto. Dolore sit eum necessitatibus rerum deleniti cupiditate quo eos.', '0', '2019-08-15 09:31:48', '2019-08-15 09:31:48'),
(110, 193, 'Joy Barton', 'Non aut nulla minus. Eveniet et nostrum vero ipsam consequatur. Dolores qui molestiae nihil ex sunt laboriosam dignissimos. Voluptatum aperiam tempore rerum.', '4', '2019-08-15 09:31:48', '2019-08-15 09:31:48'),
(111, 4, 'Louisa Dietrich', 'Minima voluptatem occaecati eum sit rerum. Voluptatibus aliquid repellendus non odit. Odio suscipit nostrum id velit ut ullam.', '5', '2019-08-15 09:31:48', '2019-08-15 09:31:48'),
(112, 81, 'Mr. Joesph Windler', 'Excepturi tempore reiciendis qui. Eaque qui culpa non possimus voluptas. Inventore minima ducimus excepturi. Velit nihil itaque quaerat animi veritatis incidunt aperiam.', '1', '2019-08-15 09:31:48', '2019-08-15 09:31:48'),
(113, 52, 'Edison Buckridge', 'Aspernatur iusto consequatur fuga non harum illum adipisci. Est voluptatem non est. Nobis voluptatem quibusdam et deserunt veritatis.', '4', '2019-08-15 09:31:48', '2019-08-15 09:31:48'),
(114, 145, 'Vita Hintz DVM', 'Porro rerum accusamus aut quia in aliquam reprehenderit. Tempora sit sit vero est quia hic aut. Quo dolor delectus voluptatem in.', '0', '2019-08-15 09:31:48', '2019-08-15 09:31:48'),
(115, 87, 'Prof. Cathy Gerhold', 'Voluptas aut adipisci est eligendi a. Ut eligendi ea expedita laudantium error est. Inventore cupiditate iure qui non voluptas.', '5', '2019-08-15 09:31:49', '2019-08-15 09:31:49'),
(116, 155, 'Mrs. Alexane Reichert PhD', 'Tempora quis quo dolorem et asperiores. Et exercitationem ratione odio et ut. Exercitationem culpa animi quisquam ea quia.', '1', '2019-08-15 09:31:49', '2019-08-15 09:31:49'),
(117, 152, 'Miss Tina Runte PhD', 'Non commodi saepe enim beatae ut possimus aut. Vero quia velit ut accusantium. Alias sapiente enim iusto tempore fuga neque sapiente est.', '0', '2019-08-15 09:31:49', '2019-08-15 09:31:49'),
(118, 131, 'Francisco Rolfson DVM', 'Dignissimos velit aut debitis nemo. Debitis ab provident tempore beatae numquam ipsam. Cumque omnis quia laboriosam est aspernatur aut.', '5', '2019-08-15 09:31:49', '2019-08-15 09:31:49'),
(119, 139, 'Branson Collier MD', 'Nam error sunt est reprehenderit vel dicta possimus. Voluptas dolore non unde commodi est. Autem dicta omnis autem enim odit debitis.', '0', '2019-08-15 09:31:49', '2019-08-15 09:31:49'),
(120, 83, 'Dr. Jorge Torphy DVM', 'Natus ex incidunt vero est enim. Reprehenderit maiores enim neque facere omnis vel. Adipisci rerum expedita dolores illo deserunt.', '3', '2019-08-15 09:31:49', '2019-08-15 09:31:49'),
(121, 103, 'Stephon Gleichner Jr.', 'Exercitationem odit aut earum qui. Nostrum ut ut dolores repellat. Dolor atque aspernatur possimus illum non. Illum dignissimos eos quaerat repellat repudiandae qui id non.', '4', '2019-08-15 09:31:49', '2019-08-15 09:31:49'),
(122, 39, 'Cecile Torphy', 'Animi est laborum velit quod et eveniet a. Quisquam neque enim eligendi a. Ducimus placeat et sint qui facere et adipisci. Nihil ab quibusdam voluptatum ut aperiam.', '1', '2019-08-15 09:31:49', '2019-08-15 09:31:49'),
(123, 128, 'Virginie Eichmann', 'Quia necessitatibus reiciendis et neque quod cupiditate dolores. Omnis eaque totam quas consequatur sit quas. Sed voluptatem natus hic beatae sequi nam aut magni. Sunt quod voluptatum inventore temporibus.', '5', '2019-08-15 09:31:49', '2019-08-15 09:31:49'),
(124, 43, 'Alia Ryan V', 'Soluta voluptas optio sint sint dolor. Ratione neque esse sunt labore. Tenetur ab necessitatibus sunt vitae accusamus consequuntur quia officia. Rerum blanditiis sit a consequatur ex id.', '5', '2019-08-15 09:31:49', '2019-08-15 09:31:49'),
(125, 32, 'Raul Mayert', 'Autem voluptate soluta aut rem libero ex veniam. Placeat dicta molestiae expedita et rerum.', '2', '2019-08-15 09:31:49', '2019-08-15 09:31:49'),
(126, 196, 'Dr. Dayne Frami', 'Laudantium delectus quae voluptates provident soluta sed sit porro. Est quae non velit dolorem nesciunt. Qui doloremque porro soluta aut est aut facilis.', '1', '2019-08-15 09:31:49', '2019-08-15 09:31:49'),
(127, 5, 'Dr. Maye Little I', 'Sequi non nam sit voluptatem consequatur repellendus. Quo dolores nemo unde voluptatem est qui nisi. Ipsa omnis modi eveniet excepturi libero assumenda sed.', '3', '2019-08-15 09:31:49', '2019-08-15 09:31:49'),
(128, 102, 'Ms. Avis Schuster', 'A eos nihil inventore pariatur optio saepe. Tempora molestias quibusdam ipsum eaque. Omnis id voluptas qui et asperiores ad. Tempora qui iusto ea asperiores.', '1', '2019-08-15 09:31:49', '2019-08-15 09:31:49'),
(129, 37, 'Dallin Cruickshank', 'Odit repudiandae quis temporibus rerum a debitis vero. Omnis rerum impedit sapiente iste.', '0', '2019-08-15 09:31:49', '2019-08-15 09:31:49'),
(130, 188, 'Prof. Lora Schmidt', 'Qui quis natus voluptatem aliquid id est adipisci. Sunt eum tempora consequatur occaecati. Cupiditate sunt ut magni voluptatem. Ex quos quasi possimus quis. Natus iure quaerat impedit est ipsa sunt iure.', '0', '2019-08-15 09:31:49', '2019-08-15 09:31:49'),
(131, 15, 'Jaron Davis', 'Quas sapiente ab non praesentium error. Laudantium ut velit sed et odio quam. Eum non et veritatis fugit aliquam perferendis eum quia.', '4', '2019-08-15 09:31:49', '2019-08-15 09:31:49'),
(132, 78, 'Mr. Alejandrin Mayer III', 'Amet et beatae quibusdam. Est minus repudiandae quaerat modi.', '3', '2019-08-15 09:31:49', '2019-08-15 09:31:49'),
(133, 124, 'Savanna Cole II', 'Praesentium aut mollitia sit enim asperiores numquam dolorem. Odit qui sint molestiae ipsa dignissimos. Temporibus voluptatum enim voluptatem.', '3', '2019-08-15 09:31:49', '2019-08-15 09:31:49'),
(134, 78, 'Mr. Richie Hansen', 'Sunt vel cum perferendis voluptatem. Voluptas doloremque omnis eius suscipit tempore voluptatem. Eum voluptatem quam ea sunt.', '4', '2019-08-15 09:31:49', '2019-08-15 09:31:49'),
(135, 176, 'Mr. Nicholaus Lang', 'Odio ducimus aut aliquid assumenda et odit. Natus porro unde qui possimus tempora. Magni dolorem dignissimos facilis dolores nisi fugiat aut.', '3', '2019-08-15 09:31:49', '2019-08-15 09:31:49'),
(136, 9, 'Lorenz Hettinger Jr.', 'Dolores repudiandae quam ut. Eveniet voluptatem et quaerat voluptatem voluptatem. Maiores explicabo blanditiis consequatur aut facere.', '0', '2019-08-15 09:31:49', '2019-08-15 09:31:49'),
(137, 94, 'Miss Amie Jacobson II', 'Accusamus error quod ipsum quod quia assumenda. Vel molestiae neque est dolor quam. Officiis ut modi temporibus omnis. Rerum minus et aut maxime quos qui illo.', '1', '2019-08-15 09:31:49', '2019-08-15 09:31:49'),
(138, 147, 'Imogene Parker DDS', 'Illum aperiam asperiores nostrum iste vitae ratione quis. Earum ab est dignissimos exercitationem voluptatem. Ipsam alias voluptatem voluptas odio necessitatibus modi repudiandae quisquam.', '4', '2019-08-15 09:31:49', '2019-08-15 09:31:49'),
(139, 167, 'Prof. Kimberly Paucek Jr.', 'Illo vel alias libero vitae excepturi ut autem. Dolor repellat est cupiditate. Unde vitae omnis impedit deserunt. Debitis ratione omnis labore quod.', '1', '2019-08-15 09:31:49', '2019-08-15 09:31:49'),
(140, 102, 'Mr. Van Hudson', 'Cumque et earum harum ex. Commodi autem ut non. Et illo neque quis velit dolores cum sunt nobis.', '0', '2019-08-15 09:31:49', '2019-08-15 09:31:49'),
(141, 19, 'Prof. Ryan Hammes Jr.', 'Rerum ratione vero cumque officia eaque. Ea et deleniti sequi aut reiciendis mollitia mollitia est. Unde in id autem eos quia ab.', '5', '2019-08-15 09:31:49', '2019-08-15 09:31:49'),
(142, 89, 'Dandre Hand', 'Corporis earum nobis eligendi similique soluta. Et eius reiciendis assumenda fugiat. Temporibus tempora quasi necessitatibus esse rerum aspernatur. Eius aut facere sunt qui voluptate.', '5', '2019-08-15 09:31:49', '2019-08-15 09:31:49'),
(143, 175, 'Mr. William Haag DVM', 'Esse nobis voluptatem suscipit nobis. Quas vel veniam rem expedita consectetur et at eos. Labore voluptatem aspernatur et qui commodi velit saepe impedit.', '3', '2019-08-15 09:31:49', '2019-08-15 09:31:49'),
(144, 124, 'Miss Kylie Zemlak III', 'Quia est molestiae numquam nihil et modi. Aliquam ea odio consequatur et blanditiis consequuntur culpa. Velit nemo dolorem delectus debitis ratione dolores perferendis.', '0', '2019-08-15 09:31:49', '2019-08-15 09:31:49'),
(145, 30, 'Prof. Benedict Block IV', 'Sit voluptates quibusdam molestiae maiores et praesentium velit. Quisquam blanditiis et quisquam ea dolores accusamus aut. Dolore natus dolore odio voluptate recusandae recusandae qui voluptatem. Laborum sunt veniam tenetur vel.', '2', '2019-08-15 09:31:50', '2019-08-15 09:31:50'),
(146, 180, 'Mrs. Leora Kiehn DVM', 'Quo recusandae impedit tempore nemo et vel fugiat. Est tempore qui excepturi nihil ullam deleniti vel. Magnam tempora eligendi perferendis dolores.', '5', '2019-08-15 09:31:50', '2019-08-15 09:31:50'),
(147, 39, 'Bernadine Wiza', 'Aperiam facilis nostrum dolorem suscipit harum expedita inventore. Occaecati rerum nulla consequatur magni cupiditate. Est laudantium nam dolor maiores.', '2', '2019-08-15 09:31:50', '2019-08-15 09:31:50'),
(148, 91, 'Jeanne Hudson', 'Consequatur id officia velit dolores. Vel aut sed voluptatem qui. Cum consequatur omnis aliquam adipisci repellat est aut. Ipsa fugiat ad suscipit laboriosam aliquid dolores dicta eaque.', '2', '2019-08-15 09:31:50', '2019-08-15 09:31:50'),
(149, 94, 'Vern Kutch', 'Quos facere accusantium in enim alias voluptatem est tenetur. Dolores consequatur velit aut doloremque harum animi ea et. Eos dolores voluptate quis.', '2', '2019-08-15 09:31:50', '2019-08-15 09:31:50'),
(150, 193, 'Julie Will', 'Omnis ut quia nulla eaque. Sed dolore quasi voluptatem nemo. Exercitationem modi corporis quam molestiae quasi adipisci ea.', '4', '2019-08-15 09:31:50', '2019-08-15 09:31:50'),
(151, 106, 'Prof. Jermey Pacocha Sr.', 'Iusto numquam eos fuga. Dignissimos delectus quaerat illo amet et dolorem tenetur qui. In libero sit dicta voluptas est at ullam. Et et non quasi.', '2', '2019-08-15 09:31:50', '2019-08-15 09:31:50'),
(152, 82, 'Kasandra Schroeder', 'Id aut ut numquam ut repellendus explicabo natus. Vel nihil aliquam consequuntur. Est voluptates at neque tempora totam culpa saepe.', '0', '2019-08-15 09:31:50', '2019-08-15 09:31:50'),
(153, 117, 'Mr. Hipolito Kilback V', 'Sapiente et ad iure molestias. Corrupti esse dignissimos tempora magnam non similique autem aut. Rerum ea est atque sit. Et quia cupiditate eveniet atque eos sit. Qui in omnis voluptas error delectus veniam.', '0', '2019-08-15 09:31:50', '2019-08-15 09:31:50'),
(154, 190, 'Mohammed Rowe I', 'Animi veniam et consequatur natus. Unde doloribus doloribus fugit iste doloribus voluptatem doloremque. Ad earum dolorem reprehenderit iusto. Velit mollitia omnis sint inventore.', '3', '2019-08-15 09:31:50', '2019-08-15 09:31:50'),
(155, 143, 'Miss Zoey Sauer V', 'Ea et enim ut culpa. Minus et tempora fugit voluptate provident. Blanditiis facere alias doloremque. Eos impedit aut voluptas eligendi repellat qui cum. Eos ratione sit consequuntur nesciunt dolorum.', '0', '2019-08-15 09:31:50', '2019-08-15 09:31:50'),
(156, 168, 'Newton Hoeger', 'Maxime et at ad. Voluptatem cumque hic rem pariatur tenetur molestiae incidunt. Suscipit voluptate cum non tempora cupiditate maiores quibusdam. Magnam neque optio neque sint commodi sequi ea.', '1', '2019-08-15 09:31:50', '2019-08-15 09:31:50'),
(157, 109, 'Flossie Gutkowski', 'Aut id laudantium veritatis explicabo similique. Nisi quia et eos repellendus ut quod. Pariatur est iste totam veritatis eum necessitatibus assumenda.', '0', '2019-08-15 09:31:50', '2019-08-15 09:31:50'),
(158, 113, 'Ayana Feest', 'Autem nostrum numquam a non. Mollitia et et deserunt cum suscipit molestiae voluptates mollitia. Et illum adipisci velit temporibus velit rerum voluptates minima.', '1', '2019-08-15 09:31:50', '2019-08-15 09:31:50'),
(159, 8, 'Pasquale Bechtelar', 'Et labore deserunt quia. Ut molestias eos nobis.', '4', '2019-08-15 09:31:50', '2019-08-15 09:31:50'),
(160, 140, 'Prof. Austin Hyatt', 'Eos nesciunt nostrum illo ratione neque. Molestiae est est cumque.', '0', '2019-08-15 09:31:50', '2019-08-15 09:31:50'),
(161, 90, 'Penelope Haley', 'Officia vel qui dolorem. Corrupti qui aut doloribus eum esse velit. Nulla quidem consectetur est dolor quisquam id placeat. Recusandae facilis eos id et sint minus id.', '4', '2019-08-15 09:31:50', '2019-08-15 09:31:50'),
(162, 141, 'Prof. Rory Gottlieb MD', 'Et repudiandae possimus nam. Aperiam ut ullam aspernatur laudantium. Cumque quia odio voluptates.', '1', '2019-08-15 09:31:50', '2019-08-15 09:31:50'),
(163, 23, 'Vincenza Hayes', 'Sequi eveniet laborum soluta assumenda. Voluptatem inventore rerum error corporis labore. Debitis cum quisquam voluptas modi. Sit sed ducimus ea.', '3', '2019-08-15 09:31:50', '2019-08-15 09:31:50'),
(164, 136, 'Mrs. Eudora Hahn', 'Necessitatibus qui aut et ut. Sapiente doloribus explicabo aperiam necessitatibus molestiae natus. Corrupti dolor non non dignissimos aut sit. Qui odit temporibus et sit aut qui laboriosam. Illo sit dicta nostrum temporibus nostrum in facere.', '0', '2019-08-15 09:31:50', '2019-08-15 09:31:50'),
(165, 158, 'Helene Hagenes IV', 'Voluptatum dolore quam quas. Dolorem non cum mollitia officiis. Eum corrupti sit quia aut odio et esse. Corrupti facere non maiores unde sed et.', '2', '2019-08-15 09:31:50', '2019-08-15 09:31:50'),
(166, 27, 'Mrs. Lenna Kertzmann', 'Quia vel pariatur tenetur dolores nihil. Quo sunt ipsam consequatur laboriosam.', '5', '2019-08-15 09:31:50', '2019-08-15 09:31:50'),
(167, 109, 'Jasmin Graham', 'Eos architecto quis cumque itaque ducimus nostrum quia. Eligendi vero eum provident. Libero vel eos placeat inventore vel tenetur. Velit possimus sint ipsa vitae placeat aut.', '0', '2019-08-15 09:31:50', '2019-08-15 09:31:50'),
(168, 63, 'Miss Erica Schoen DDS', 'Velit recusandae a error maiores cupiditate architecto animi cupiditate. Ipsam sit voluptates sit earum. Culpa animi doloribus et reiciendis.', '5', '2019-08-15 09:31:50', '2019-08-15 09:31:50'),
(169, 70, 'Prof. Charlene Heathcote', 'A et voluptatum sed aut et aliquam. Consequuntur sit possimus alias dolore aliquid. Ullam est et dolore dolores quos numquam voluptatum ut. Consequatur ea qui ducimus voluptas.', '4', '2019-08-15 09:31:50', '2019-08-15 09:31:50'),
(170, 17, 'Anderson King', 'Repellat error provident qui aliquid voluptatem. Asperiores non quos aliquam ex ab possimus. Adipisci omnis minus aut nam reiciendis. Ratione eaque autem quisquam quis.', '3', '2019-08-15 09:31:50', '2019-08-15 09:31:50'),
(171, 159, 'Prof. Christiana Dibbert V', 'Qui voluptatem aut sit ullam facilis porro aperiam. Ipsam magnam id alias voluptatibus aut vitae nesciunt. Ducimus natus quia explicabo ipsa. Dolor maxime ut architecto.', '2', '2019-08-15 09:31:50', '2019-08-15 09:31:50'),
(172, 179, 'Mrs. Haven Hane', 'Iusto illum libero quisquam non. Iure est itaque facilis sunt rem beatae quasi esse. Recusandae aspernatur ducimus est velit accusantium est qui qui. Est aut sit nihil occaecati voluptate autem.', '1', '2019-08-15 09:31:50', '2019-08-15 09:31:50'),
(173, 167, 'Dr. Chelsea Dach', 'Perspiciatis qui facilis ipsa voluptatem. Voluptas et sed dolorum facere perferendis quas quas. Veritatis ut accusamus rerum delectus quia.', '3', '2019-08-15 09:31:50', '2019-08-15 09:31:50'),
(174, 1, 'Gudrun Kuhlman', 'Iure similique atque quisquam possimus. Aperiam nobis et et.', '4', '2019-08-15 09:31:51', '2019-08-15 09:31:51'),
(175, 199, 'Dr. Laurie Luettgen', 'Minus cum deserunt magnam praesentium ut qui tempora. Non laborum voluptas sint sint aut. Et ut iste accusantium eum sapiente. Animi veniam itaque molestiae vitae velit tempore voluptatem repudiandae.', '5', '2019-08-15 09:31:51', '2019-08-15 09:31:51'),
(176, 95, 'Dr. Jeff Kuvalis Sr.', 'Id rerum eaque qui. Et tenetur illo quibusdam dolor aliquid sint. Voluptate qui nulla expedita optio repellat. Et exercitationem in sint amet officia.', '3', '2019-08-15 09:31:51', '2019-08-15 09:31:51'),
(177, 27, 'Jordon O\'Hara', 'Ipsa dolorem ducimus praesentium ut commodi qui molestiae blanditiis. Quia alias similique consequatur perferendis ut id. Id qui tempora aut et voluptas nam.', '2', '2019-08-15 09:31:51', '2019-08-15 09:31:51'),
(178, 174, 'Miss Kaylin Denesik', 'Consequuntur est consequuntur corrupti et ipsa. Ratione rem quis non impedit. Excepturi voluptate consequatur et enim. Iste vel a laudantium quis voluptatem modi.', '1', '2019-08-15 09:31:51', '2019-08-15 09:31:51'),
(179, 45, 'Shea Rippin', 'Quos fugit quo atque doloremque eius eum. Ullam est similique perspiciatis reiciendis ex necessitatibus. Veritatis nobis non assumenda quam accusamus repellat.', '4', '2019-08-15 09:31:51', '2019-08-15 09:31:51'),
(180, 159, 'Mikayla Block', 'Autem et ut quas libero vero natus. Odit et aut eligendi laudantium voluptatem ea itaque. Nesciunt quos dignissimos sint qui molestiae.', '2', '2019-08-15 09:31:51', '2019-08-15 09:31:51'),
(181, 6, 'Jared Runte', 'Perferendis veniam temporibus doloremque officiis sed saepe. Repellendus dolor tempora qui saepe magnam quis. Dolorum nobis esse ratione officiis quia velit.', '4', '2019-08-15 09:31:51', '2019-08-15 09:31:51'),
(182, 179, 'Brandon Padberg', 'Ab atque dolor culpa fuga et molestiae. Tempora in eum dolorem fugit exercitationem velit reiciendis. Dolorum assumenda consequuntur natus aspernatur quo vel similique. Et enim est harum debitis maxime.', '4', '2019-08-15 09:31:51', '2019-08-15 09:31:51'),
(183, 101, 'Kiarra Bauch', 'Quia ad aperiam aut voluptas. Sed doloribus suscipit dolor ipsam molestiae et. Blanditiis est repellat in inventore dicta. Rerum sed officiis eos. In ut rerum quas ab consequuntur impedit.', '0', '2019-08-15 09:31:51', '2019-08-15 09:31:51'),
(184, 34, 'Pierre Monahan DVM', 'Ut ut ullam sit sint. Qui quae voluptatibus voluptas voluptatem aut dolor ex. Dolore incidunt fugiat repudiandae perspiciatis qui nesciunt accusamus. Qui odio pariatur veritatis sed. Molestiae nisi quidem iure officiis ut hic.', '1', '2019-08-15 09:31:51', '2019-08-15 09:31:51'),
(185, 150, 'Nico Kiehn', 'Quia rem voluptatem laboriosam quia. Provident eos sit laudantium.', '4', '2019-08-15 09:31:51', '2019-08-15 09:31:51'),
(186, 54, 'Eileen Brakus', 'Quo sed laboriosam voluptas quisquam eius id odio. Recusandae sapiente eligendi quia quo numquam ea qui. Sunt eos ea et consequatur veritatis et.', '1', '2019-08-15 09:31:51', '2019-08-15 09:31:51'),
(187, 113, 'Junius Boyle', 'Asperiores nesciunt aspernatur ipsam rerum. Commodi quas nostrum voluptatibus voluptas omnis nobis ipsam. Tenetur aliquid eaque non voluptatibus occaecati. Beatae aliquid magni itaque animi nesciunt.', '0', '2019-08-15 09:31:51', '2019-08-15 09:31:51'),
(188, 20, 'Evie Bayer', 'Dolorum rerum corporis nam in veniam qui quia. Nemo quis at iusto id adipisci aspernatur. In sunt consequuntur ratione quidem. Vero voluptatem dolor sunt quisquam asperiores ut. Animi et commodi qui voluptas deleniti voluptate rerum.', '1', '2019-08-15 09:31:51', '2019-08-15 09:31:51'),
(189, 22, 'Pauline Bruen Jr.', 'Mollitia et accusantium nisi. Beatae eum et enim nisi. Ad cum nulla veritatis voluptatum qui. Voluptatum velit natus voluptatem illo deserunt pariatur facilis.', '4', '2019-08-15 09:31:51', '2019-08-15 09:31:51'),
(190, 77, 'Dr. Julian O\'Reilly', 'Praesentium libero vel maxime qui voluptatibus expedita. Nesciunt architecto delectus rem repudiandae esse aut. Quas et sed molestiae. Repellendus numquam ut eaque repudiandae iusto eum.', '2', '2019-08-15 09:31:51', '2019-08-15 09:31:51'),
(191, 183, 'Elfrieda Kub', 'Ipsum adipisci excepturi quaerat velit cum modi ea voluptatem. Illo consequuntur enim nihil sit laboriosam perferendis neque. Rerum laboriosam facere aperiam quia eveniet.', '5', '2019-08-15 09:31:51', '2019-08-15 09:31:51'),
(192, 113, 'Brooke Wolff Sr.', 'Et qui accusantium esse odit molestiae est officia. Consequatur tenetur quaerat enim laboriosam porro.', '5', '2019-08-15 09:31:51', '2019-08-15 09:31:51'),
(193, 40, 'Talia Leuschke', 'Illo ut assumenda nobis blanditiis. Saepe tenetur illo odit. Tempore dolorem qui eum earum. Nesciunt quam ab excepturi.', '5', '2019-08-15 09:31:51', '2019-08-15 09:31:51'),
(194, 107, 'Noemie Stroman', 'Accusamus optio asperiores unde dolorum mollitia. Soluta dignissimos eum quisquam culpa itaque. Numquam tenetur impedit exercitationem non et laborum. Atque ullam aut excepturi aut qui aut.', '5', '2019-08-15 09:31:51', '2019-08-15 09:31:51'),
(195, 92, 'Omer Kassulke', 'Consectetur ut repudiandae quaerat nisi et veniam quaerat. Eos natus nihil nostrum quis laudantium explicabo voluptatem. Sint ipsa atque magnam quae. Aut non animi odit aut.', '5', '2019-08-15 09:31:51', '2019-08-15 09:31:51'),
(196, 40, 'Miss Albina Sawayn V', 'Qui iure repudiandae et. Laborum odio minima id voluptatem et quo voluptatem. Pariatur laborum quis blanditiis adipisci.', '2', '2019-08-15 09:31:51', '2019-08-15 09:31:51'),
(197, 5, 'Prof. Lexi McLaughlin', 'Ab aut optio vel magni sint distinctio. Voluptatem eaque maxime voluptatibus labore quam quo tempora. Molestiae neque ut et qui. Veritatis facere blanditiis eum dignissimos. Tenetur facere voluptatibus animi.', '2', '2019-08-15 09:31:51', '2019-08-15 09:31:51'),
(198, 53, 'Dr. Rhoda Hoeger V', 'Odit eos enim commodi quis. Necessitatibus porro voluptatem dolore cupiditate modi maiores. Ipsum sit illo consectetur voluptas quo quis non. Est quia optio commodi deserunt cum ut sit.', '4', '2019-08-15 09:31:52', '2019-08-15 09:31:52'),
(199, 169, 'Harmony Schimmel DVM', 'Ratione ducimus id dignissimos et. Aut quos ut quod et autem non blanditiis. Corrupti enim error accusamus reiciendis est. Assumenda rerum est voluptas dolores aut.', '3', '2019-08-15 09:31:52', '2019-08-15 09:31:52'),
(200, 45, 'Audra Cartwright', 'Maiores consectetur architecto magnam nam nostrum. Incidunt ut assumenda repudiandae velit rerum. Assumenda quia odio consequatur a adipisci consequatur quia. Repellat dolor porro quam distinctio.', '2', '2019-08-15 09:31:52', '2019-08-15 09:31:52'),
(201, 54, 'Eriberto Mohr', 'Eos itaque dolorum necessitatibus voluptas optio incidunt et beatae. Quo numquam ut et ad alias. Cumque fugiat a quibusdam quia. Odio neque dolor sint voluptatibus.', '0', '2019-08-15 09:31:52', '2019-08-15 09:31:52'),
(202, 31, 'Dr. Betty Schinner', 'Voluptate suscipit repellat doloribus commodi. Aspernatur ipsum voluptate dolores neque. Quia id eveniet soluta et hic nesciunt.', '1', '2019-08-15 09:31:52', '2019-08-15 09:31:52'),
(203, 110, 'Berniece Dickens V', 'Ipsam ut vero aut. In suscipit sit officiis culpa qui. Rerum sint voluptatum labore.', '2', '2019-08-15 09:31:52', '2019-08-15 09:31:52'),
(204, 76, 'Dr. Chad Lind Sr.', 'Ducimus consectetur eos explicabo cupiditate et voluptatem quisquam. Sequi qui commodi repellendus voluptate ut dolores eligendi. Reprehenderit quidem quam occaecati dolor laudantium et.', '3', '2019-08-15 09:31:52', '2019-08-15 09:31:52'),
(205, 46, 'Susana Lakin', 'Aut facilis corporis sit ut ullam consequatur dolor. Qui molestias suscipit necessitatibus mollitia ratione ducimus.', '1', '2019-08-15 09:31:52', '2019-08-15 09:31:52'),
(206, 30, 'Elinor Wyman MD', 'Impedit expedita aliquam aspernatur aperiam esse. Occaecati ducimus omnis atque earum. Necessitatibus optio ea laborum possimus voluptatibus rem sapiente. Voluptates accusantium reiciendis ut et veniam itaque corporis.', '4', '2019-08-15 09:31:52', '2019-08-15 09:31:52'),
(207, 3, 'Prof. Dulce Koch', 'Est necessitatibus non quisquam hic. Dolor tempora neque libero in quisquam. Est numquam consequuntur dolores dignissimos quis vel cumque molestiae.', '5', '2019-08-15 09:31:52', '2019-08-15 09:31:52'),
(208, 91, 'Dr. Joannie Padberg', 'Unde ducimus animi sunt consequatur eos corrupti. Aperiam tempore recusandae commodi laborum. Tenetur consequatur perspiciatis deserunt. Natus nemo ipsum error nihil.', '2', '2019-08-15 09:31:52', '2019-08-15 09:31:52');
INSERT INTO `reviews` (`id`, `product_id`, `customer`, `review`, `star`, `created_at`, `updated_at`) VALUES
(209, 103, 'Lelia Ferry', 'Aliquid molestiae molestiae blanditiis tenetur quia et. Voluptatem odio facere et. Qui magnam unde incidunt distinctio neque tempore excepturi. Qui rerum et sapiente sit consequatur voluptatem cum. Nam molestias et nihil consectetur.', '1', '2019-08-15 09:31:52', '2019-08-15 09:31:52'),
(210, 144, 'Sherwood Shanahan', 'Sunt ipsum atque eos rem in harum. Ad aspernatur quasi impedit qui quia. Voluptatem hic voluptas enim aut ipsum id eaque. Est ab enim eos ducimus veritatis non harum nesciunt.', '1', '2019-08-15 09:31:52', '2019-08-15 09:31:52'),
(211, 163, 'Antwon Bauch', 'Laborum nam voluptas nulla alias cum nihil et similique. Veniam ipsam nihil ullam dolor fuga omnis aut.', '0', '2019-08-15 09:31:52', '2019-08-15 09:31:52'),
(212, 82, 'Willow Schaden Sr.', 'Sed unde suscipit consequatur accusantium aut exercitationem et. Aut suscipit hic voluptas sint et quos omnis. Voluptates sed quasi ea minus quia. Aut fugiat fugit voluptatem.', '5', '2019-08-15 09:31:52', '2019-08-15 09:31:52'),
(213, 77, 'Dr. Shannon Witting DDS', 'Dicta praesentium qui et doloribus est. Magni voluptas sint voluptatem odio. Iure repellendus quos quia sit.', '5', '2019-08-15 09:31:52', '2019-08-15 09:31:52'),
(214, 131, 'Miss Viva Hane DDS', 'Quisquam ut dolorem aut reprehenderit sit sequi. Officia occaecati harum perspiciatis. Dignissimos ut praesentium velit modi.', '4', '2019-08-15 09:31:52', '2019-08-15 09:31:52'),
(215, 77, 'Brandi Moen', 'Neque dicta qui eos incidunt hic illo id et. Et vel optio culpa ut autem. Dolor qui natus voluptatum ratione nihil odio numquam.', '0', '2019-08-15 09:31:52', '2019-08-15 09:31:52'),
(216, 80, 'Collin Wintheiser', 'Quo possimus fugiat non totam dolores quos. Et aut ducimus totam. Architecto ut perspiciatis et dolorum odio.', '5', '2019-08-15 09:31:52', '2019-08-15 09:31:52'),
(217, 99, 'Mckenzie Baumbach', 'Ipsa consequatur quia nam quis. Voluptatem assumenda dolore aspernatur reprehenderit harum ut et veniam. Doloremque voluptatem praesentium sed quo quae.', '3', '2019-08-15 09:31:52', '2019-08-15 09:31:52'),
(218, 118, 'Prof. Joannie Walsh', 'Eius eveniet vitae minus dolores. Magnam id velit est rem et qui aspernatur. Sunt rerum aut debitis iste omnis.', '1', '2019-08-15 09:31:52', '2019-08-15 09:31:52'),
(219, 36, 'Dan Reichel', 'Quibusdam esse quaerat rerum sapiente voluptates porro sunt. Veritatis commodi hic nulla modi. Sint nihil dolores et est.', '0', '2019-08-15 09:31:52', '2019-08-15 09:31:52'),
(220, 7, 'Josephine Crist', 'Vitae voluptatem aut molestiae placeat. Et sint magnam dignissimos enim sunt. Hic quia qui atque magni qui dolorem rem.', '5', '2019-08-15 09:31:52', '2019-08-15 09:31:52'),
(221, 73, 'Sarah Konopelski', 'Qui et nihil eum incidunt. Blanditiis sint odit tenetur consequatur error molestiae quam ut. At sed soluta labore ipsum. Accusantium placeat distinctio dicta quo id et.', '0', '2019-08-15 09:31:52', '2019-08-15 09:31:52'),
(222, 74, 'Eliza Hegmann MD', 'A et reiciendis natus perferendis culpa unde facere. Quasi ipsam consequatur animi quos est rerum.', '2', '2019-08-15 09:31:52', '2019-08-15 09:31:52'),
(223, 126, 'Dr. Gabriel Huels', 'Rerum sint atque asperiores in et. Ipsam mollitia fuga ex sint. Non impedit modi unde quibusdam voluptatem.', '3', '2019-08-15 09:31:52', '2019-08-15 09:31:52'),
(224, 70, 'Elvera Goyette V', 'Voluptates itaque sunt sunt tenetur ad doloremque. Praesentium magnam numquam blanditiis sed. Eaque quis iure nostrum eos blanditiis aut soluta. Et commodi exercitationem nemo deleniti.', '4', '2019-08-15 09:31:52', '2019-08-15 09:31:52'),
(225, 166, 'Jorge Mayer', 'Excepturi neque saepe qui qui et hic. Voluptatem tempore maxime recusandae nulla itaque. Id perferendis maxime non optio. Ea quo provident dolores beatae dicta dolorum.', '3', '2019-08-15 09:31:52', '2019-08-15 09:31:52'),
(226, 159, 'Esther Bosco', 'Totam qui et quia odit minus deserunt molestiae fuga. Necessitatibus similique qui ab quia. Deleniti ad itaque totam inventore voluptatibus consectetur doloremque. Qui qui quos ut eaque.', '0', '2019-08-15 09:31:53', '2019-08-15 09:31:53'),
(227, 4, 'Tara Gottlieb', 'Nostrum a sit quis voluptatem. Quis facilis perspiciatis perferendis ipsa. Eos ipsum maxime exercitationem suscipit. Magni expedita quis cum rerum.', '0', '2019-08-15 09:31:53', '2019-08-15 09:31:53'),
(228, 105, 'Laila O\'Keefe', 'Doloribus doloribus eius dolores ipsam. Eaque maiores sint sint sed ad. Labore doloribus aperiam et et non. Dignissimos excepturi ut esse ullam et.', '2', '2019-08-15 09:31:53', '2019-08-15 09:31:53'),
(229, 12, 'Dr. Tyler Collins', 'Nemo rerum ad cumque aut. Doloremque distinctio ut odio quis voluptatum eligendi. Iste temporibus consequuntur quae at unde. Commodi et doloremque sint et accusamus et distinctio. Qui ipsa ullam adipisci cupiditate qui.', '3', '2019-08-15 09:31:53', '2019-08-15 09:31:53'),
(230, 22, 'Sheila Batz', 'Dolores a perferendis laborum dolor. Molestiae sed suscipit id molestiae iste ipsa. Et a ipsum maxime.', '1', '2019-08-15 09:31:53', '2019-08-15 09:31:53'),
(231, 95, 'Lenora Okuneva', 'In in dolore ut qui sint rerum sed. Architecto at aut amet vero recusandae. Recusandae mollitia voluptatem dolor enim. Laboriosam aut voluptatibus neque rerum.', '4', '2019-08-15 09:31:53', '2019-08-15 09:31:53'),
(232, 139, 'Betsy Monahan IV', 'Itaque omnis laboriosam laudantium. Sint aspernatur fugiat similique ducimus. Aspernatur voluptatibus aut ipsa perferendis eaque. Quia veritatis odit alias.', '0', '2019-08-15 09:31:53', '2019-08-15 09:31:53'),
(233, 141, 'Prof. Sienna Jacobi IV', 'Voluptas consequatur vitae qui qui autem. Autem voluptatibus est voluptatem culpa fuga alias quibusdam. Sint natus voluptas excepturi cupiditate dolor qui. Velit tempora rerum nisi quasi autem.', '4', '2019-08-15 09:31:53', '2019-08-15 09:31:53'),
(234, 30, 'Burdette Funk', 'Id culpa in incidunt quis exercitationem. Voluptatem atque nihil temporibus. Totam voluptate est quia provident rerum soluta molestiae vel. Saepe qui itaque qui at. Mollitia blanditiis ad deleniti ipsum.', '4', '2019-08-15 09:31:53', '2019-08-15 09:31:53'),
(235, 71, 'Larue Jerde', 'Sit assumenda eius quia minus dolores. Est culpa dolor id mollitia ex aut atque.', '4', '2019-08-15 09:31:53', '2019-08-15 09:31:53'),
(236, 33, 'Prof. Peyton Greenfelder', 'Nisi sit iure ea assumenda eos adipisci at et. Et rerum minima et vel et facilis suscipit. Molestias aperiam ipsam et rerum et. Sint omnis qui ut est nemo.', '3', '2019-08-15 09:31:53', '2019-08-15 09:31:53'),
(237, 174, 'Miss Vincenza Huels', 'Officia ullam ut velit nostrum. Officia et enim accusamus fuga quod eos. Alias et amet mollitia rerum. Rerum asperiores nam voluptatum voluptatem aut esse eos.', '5', '2019-08-15 09:31:53', '2019-08-15 09:31:53'),
(238, 42, 'Hanna O\'Hara', 'Perspiciatis veniam id minima deserunt repellat. Magni veniam quia blanditiis amet est. Eaque nisi eius dolor aut aut. Pariatur alias voluptates explicabo sunt.', '1', '2019-08-15 09:31:53', '2019-08-15 09:31:53'),
(239, 69, 'Prof. Pink Schultz', 'Aut dolorem harum alias numquam dignissimos. Unde animi aut saepe est odit. Unde cupiditate est beatae quidem suscipit ratione facilis maiores.', '3', '2019-08-15 09:31:53', '2019-08-15 09:31:53'),
(240, 73, 'Mr. Jesse Goodwin', 'Debitis ut inventore omnis qui. Aliquam voluptatem tenetur reprehenderit autem natus. Cum aperiam quo minima occaecati molestiae et dolores. Deserunt doloribus tenetur maxime voluptatem.', '1', '2019-08-15 09:31:53', '2019-08-15 09:31:53'),
(241, 188, 'Glenda Thompson IV', 'Quis voluptas ipsa quam ratione id reiciendis explicabo. Ut vel exercitationem culpa et. Alias sed iure ea rerum voluptates omnis reprehenderit. Quaerat quasi consectetur assumenda cum beatae.', '0', '2019-08-15 09:31:53', '2019-08-15 09:31:53'),
(242, 177, 'Carley Mosciski', 'Explicabo aperiam qui perspiciatis dolores quis ipsa assumenda. Aliquam nam asperiores repellat excepturi impedit. Sed architecto placeat voluptatum sequi.', '3', '2019-08-15 09:31:53', '2019-08-15 09:31:53'),
(243, 129, 'Dr. Rodolfo Vandervort', 'Consequatur nam dolores molestias corrupti. Impedit non dolor omnis.', '3', '2019-08-15 09:31:53', '2019-08-15 09:31:53'),
(244, 46, 'Mrs. Mayra Lang IV', 'Et nesciunt similique necessitatibus porro aut. Libero omnis enim sed dolorum in omnis.', '0', '2019-08-15 09:31:53', '2019-08-15 09:31:53'),
(245, 194, 'Dr. Amelie Sanford II', 'Consequuntur perspiciatis quam quos doloremque non sapiente at. Eligendi est eum sunt aperiam dolorum. Aliquam voluptatem nihil ratione ex et tenetur. Consectetur consequatur et adipisci voluptas pariatur quae vero.', '0', '2019-08-15 09:31:53', '2019-08-15 09:31:53'),
(246, 126, 'Mr. Eugene Oberbrunner MD', 'Vel expedita odit dolor. Nulla temporibus delectus dolorem in. Est quod qui eligendi inventore aut enim adipisci.', '5', '2019-08-15 09:31:53', '2019-08-15 09:31:53'),
(247, 131, 'Telly Baumbach PhD', 'Laboriosam consequuntur ut iste totam. Quod molestiae aut itaque nihil iste quidem non. Quo nostrum laboriosam nihil sed unde. Ipsam provident quia temporibus cum dicta deserunt.', '4', '2019-08-15 09:31:53', '2019-08-15 09:31:53'),
(248, 103, 'Kaia Howell', 'Est tenetur voluptate quaerat ex nisi. Voluptatibus vero cum soluta. Qui libero est dolorem nesciunt accusamus ut.', '3', '2019-08-15 09:31:53', '2019-08-15 09:31:53'),
(249, 186, 'Prof. Reymundo Harber V', 'Velit velit occaecati aut excepturi qui dicta et fugit. In incidunt excepturi enim. Natus iure inventore facere perspiciatis est facere inventore. Aspernatur est nesciunt deleniti reiciendis molestias iusto.', '1', '2019-08-15 09:31:53', '2019-08-15 09:31:53'),
(250, 164, 'Emmet Schamberger', 'Voluptatem quisquam optio distinctio nostrum veritatis. Quia quibusdam velit similique modi facilis. Asperiores hic et dolor omnis molestiae explicabo temporibus eveniet. Et nemo beatae quaerat laudantium.', '1', '2019-08-15 09:31:53', '2019-08-15 09:31:53'),
(251, 136, 'Larue Predovic Sr.', 'Fugit reiciendis fugit minus officiis. Et voluptatem possimus et libero. Sed quam voluptatem tempore deserunt.', '3', '2019-08-15 09:31:53', '2019-08-15 09:31:53'),
(252, 48, 'Eveline Sporer', 'Et qui vitae et illo doloribus sapiente. Sint possimus earum autem dolor est laudantium quo. Voluptate consequatur autem aut.', '0', '2019-08-15 09:31:53', '2019-08-15 09:31:53'),
(253, 61, 'Dr. Martine Schowalter DDS', 'Quod ut dolorum voluptas quae. Est voluptas reprehenderit quia modi. Dolorem neque suscipit error occaecati accusantium asperiores qui. Qui aut voluptas officiis consequatur quisquam iure.', '2', '2019-08-15 09:31:53', '2019-08-15 09:31:53'),
(254, 195, 'Mr. Llewellyn Homenick DVM', 'Voluptatem libero a quam. Non voluptatem esse qui voluptas eaque dolor id. Inventore exercitationem cumque qui debitis. Quis quisquam rem et qui eveniet.', '2', '2019-08-15 09:31:53', '2019-08-15 09:31:53'),
(255, 97, 'Devyn Stanton', 'Consequatur aut dolores vero sint distinctio dolor. Labore et atque quibusdam. Ratione aut minima laboriosam voluptas illo et.', '0', '2019-08-15 09:31:54', '2019-08-15 09:31:54'),
(256, 114, 'Richmond Swift', 'Fugit laboriosam iure et qui veritatis ex. Tempora earum cumque eius est qui nostrum corporis. Assumenda aspernatur rerum qui et.', '1', '2019-08-15 09:31:54', '2019-08-15 09:31:54'),
(257, 23, 'Mustafa Ferry', 'Modi voluptate molestias quis. Repellendus modi non repellendus cumque error voluptate. Dolorem eveniet sunt tempora reiciendis. Temporibus placeat vitae natus ratione repudiandae voluptatem.', '3', '2019-08-15 09:31:54', '2019-08-15 09:31:54'),
(258, 151, 'Shyann Gorczany', 'Alias velit inventore unde dolorem aut. Et quasi laboriosam et corporis aspernatur. Qui quia commodi ea est illum asperiores architecto.', '2', '2019-08-15 09:31:54', '2019-08-15 09:31:54'),
(259, 132, 'Dr. Ona Pollich II', 'Dicta vero qui dolores itaque recusandae vitae. Dignissimos ipsa beatae consectetur rerum cumque. Vel id corporis impedit tenetur sit nisi. Expedita ullam porro quos.', '3', '2019-08-15 09:31:54', '2019-08-15 09:31:54'),
(260, 48, 'Miss Emma White', 'Exercitationem eos eum esse ratione ad recusandae provident. Quidem ex porro sint assumenda doloribus expedita tenetur quia. Ut ut ducimus ipsam nobis sapiente debitis. Numquam aut et aut esse earum expedita.', '1', '2019-08-15 09:31:54', '2019-08-15 09:31:54'),
(261, 41, 'Adrien Doyle', 'Alias quae harum ea quod nesciunt modi incidunt. Voluptas repellat harum dolor inventore. Voluptatum est dolores molestiae quaerat facere repellat voluptas. Nihil fuga aut rerum magnam ipsam omnis sit.', '1', '2019-08-15 09:31:54', '2019-08-15 09:31:54'),
(262, 139, 'Diamond Mraz', 'Quis qui ratione minus et veniam ratione sed. Exercitationem reprehenderit praesentium sunt quia in velit dolores. Pariatur minus voluptatem corrupti.', '5', '2019-08-15 09:31:54', '2019-08-15 09:31:54'),
(263, 183, 'Dr. Valerie Kessler Jr.', 'Ut laborum numquam recusandae maiores esse non at. Ipsa consequatur sed veritatis odit et minus. Totam suscipit rerum iusto. Incidunt ullam quos et iusto debitis.', '5', '2019-08-15 09:31:54', '2019-08-15 09:31:54'),
(264, 127, 'Prof. Deondre Maggio', 'Doloribus illum at iure omnis. Libero accusantium voluptatem incidunt repellendus dicta est quod. Corrupti consequuntur optio consequuntur aperiam perferendis et id. Iusto aperiam quis totam quibusdam.', '0', '2019-08-15 09:31:54', '2019-08-15 09:31:54'),
(265, 138, 'Dr. Friedrich Dooley III', 'Et perferendis quidem ad dicta sunt explicabo inventore. Exercitationem eveniet tempora quasi natus fugit possimus. Aspernatur sunt eos delectus magni.', '0', '2019-08-15 09:31:54', '2019-08-15 09:31:54'),
(266, 96, 'Ms. Ella Denesik Sr.', 'Qui modi consequatur debitis natus numquam. Laboriosam eveniet et aut est. Sint nam molestiae rerum facere minima.', '4', '2019-08-15 09:31:54', '2019-08-15 09:31:54'),
(267, 196, 'Junior Sipes', 'Et pariatur velit quo iure consequatur minima quisquam. Nulla nihil facere nemo doloribus ut. Autem pariatur hic sint beatae consectetur est quisquam sit. Velit nisi quia est asperiores corporis laboriosam nobis.', '0', '2019-08-15 09:31:54', '2019-08-15 09:31:54'),
(268, 98, 'Casey Gusikowski', 'Vel cumque vero nesciunt ratione. Rerum qui vero dolor dolor ut voluptatem. Dolorum suscipit facilis et et qui. Qui maiores ea eos quibusdam.', '1', '2019-08-15 09:31:54', '2019-08-15 09:31:54'),
(269, 52, 'Dena Zieme', 'Illo officiis nostrum unde ut voluptatibus ut quia. Perferendis quia ut quis est. Sunt fugit voluptas et ea quis aut.', '3', '2019-08-15 09:31:54', '2019-08-15 09:31:54'),
(270, 42, 'Prof. Elda Okuneva', 'Animi doloribus numquam asperiores. Sint error et optio dicta aut dolores.', '5', '2019-08-15 09:31:54', '2019-08-15 09:31:54'),
(271, 123, 'Prof. Raheem Treutel III', 'Totam enim facere error. Quod aspernatur illo ullam fuga velit. Voluptate et ad ipsum. Deleniti quis omnis sit neque nemo neque. Nihil quia quisquam et eaque.', '1', '2019-08-15 09:31:54', '2019-08-15 09:31:54'),
(272, 32, 'Dena Boyle V', 'Voluptates nobis sequi ut ut fuga praesentium ipsa sequi. Aut earum nihil omnis incidunt doloribus. Adipisci numquam doloribus quaerat et impedit.', '4', '2019-08-15 09:31:54', '2019-08-15 09:31:54'),
(273, 183, 'Breana Orn', 'Omnis ex amet vel est ducimus consectetur possimus. Sunt atque aspernatur odit nemo itaque voluptatem ratione. Quia quam voluptatem maxime. Minima id nemo quo saepe qui nostrum accusamus aspernatur.', '1', '2019-08-15 09:31:54', '2019-08-15 09:31:54'),
(274, 35, 'Noe Kiehn', 'Id quis numquam quia molestiae molestiae. Voluptas iusto dignissimos repellendus nostrum fuga voluptatibus quis. Consequuntur consequatur accusamus autem totam. Facere quo doloremque quo nihil quia.', '3', '2019-08-15 09:31:54', '2019-08-15 09:31:54'),
(275, 24, 'Cody Von', 'Assumenda molestiae voluptas fuga eos sit. Vel illo earum quaerat repellendus. Placeat sit quibusdam ex aut fugiat aut sit.', '5', '2019-08-15 09:31:54', '2019-08-15 09:31:54'),
(276, 30, 'Kurt Bergstrom Jr.', 'Error delectus rerum eos maiores sed iure nulla suscipit. Velit non omnis animi optio ratione quibusdam.', '0', '2019-08-15 09:31:54', '2019-08-15 09:31:54'),
(277, 193, 'Reina Moen', 'Voluptatum dolore et ipsum odio. Aut voluptatem provident sequi distinctio et perspiciatis. Autem soluta voluptatem vel omnis reprehenderit rerum repellendus. Quis aut aspernatur dolore nihil.', '5', '2019-08-15 09:31:54', '2019-08-15 09:31:54'),
(278, 20, 'Ms. Ethyl West', 'Cumque fuga aliquid provident nemo. Recusandae atque eos facilis aut. Qui sit autem distinctio qui.', '4', '2019-08-15 09:31:54', '2019-08-15 09:31:54'),
(279, 34, 'Meagan Streich', 'Et nulla quae debitis ex corrupti. Consequatur quis consequatur sequi et sequi. Quo a id earum excepturi architecto.', '3', '2019-08-15 09:31:54', '2019-08-15 09:31:54'),
(280, 113, 'Benedict Watsica IV', 'Ipsa est dolor facilis ipsa ullam ullam quia. Corporis sed porro numquam non culpa unde. Facere quae distinctio excepturi. Aliquid quibusdam laudantium esse.', '4', '2019-08-15 09:31:54', '2019-08-15 09:31:54'),
(281, 13, 'Laury Bergnaum', 'Et est recusandae molestias eveniet sint. Exercitationem repellat totam veniam enim aperiam neque aut. Consequatur error deserunt atque quaerat. Non dolorum corporis a aut totam a adipisci.', '2', '2019-08-15 09:31:54', '2019-08-15 09:31:54'),
(282, 107, 'Mrs. Macie Heidenreich I', 'Voluptatem doloribus dignissimos saepe deserunt nam ea. Possimus qui nihil laudantium animi. Tempore qui architecto fuga provident aperiam fuga. Distinctio alias possimus dolorum mollitia labore sit sit.', '1', '2019-08-15 09:31:54', '2019-08-15 09:31:54'),
(283, 81, 'Tatum Treutel', 'Dolor non repudiandae quo possimus tenetur et consequuntur. Eaque sit ea ratione odio. Ab id magnam molestiae qui nulla deserunt nihil id. Qui et tempora unde voluptates.', '5', '2019-08-15 09:31:54', '2019-08-15 09:31:54'),
(284, 130, 'Martin Ernser', 'Est qui quidem officiis beatae hic odit ipsa. Eveniet voluptas perspiciatis molestiae qui. Asperiores enim ut nam omnis alias. Ea consequatur et ullam est quam est ut.', '4', '2019-08-15 09:31:55', '2019-08-15 09:31:55'),
(285, 91, 'Prof. Chance Block IV', 'Excepturi consequuntur sit rem quidem. Facilis enim qui eum ducimus odit voluptates. Tempore et dolor quia consequatur perferendis. Est sit qui temporibus placeat omnis ut.', '5', '2019-08-15 09:31:55', '2019-08-15 09:31:55'),
(286, 103, 'Lorena Leuschke', 'Exercitationem necessitatibus quaerat nulla et eius fuga. Asperiores voluptatum cum aut porro et. Dolore quae ut eveniet explicabo voluptatem rem eos placeat.', '0', '2019-08-15 09:31:55', '2019-08-15 09:31:55'),
(287, 43, 'Tyson Huel MD', 'Voluptatem sit sed quo velit incidunt animi in. Ea porro dolore perferendis et. Tempore aut vitae molestiae iure consequatur voluptatem ea veritatis. Illum expedita quidem assumenda voluptate modi.', '1', '2019-08-15 09:31:55', '2019-08-15 09:31:55'),
(288, 118, 'Mr. Chance Brakus V', 'Accusantium quasi nihil dolor nihil architecto qui eum. Odit laboriosam ex minima omnis eum recusandae facere. Voluptates voluptatibus asperiores ea placeat nihil et deleniti magni. Incidunt nobis odit assumenda vero et repellendus.', '3', '2019-08-15 09:31:55', '2019-08-15 09:31:55'),
(289, 5, 'Alta Schuppe', 'Quia aut sit maiores vel sit numquam. Ut eum aperiam sit aut. Et ad optio ex ratione sint soluta.', '2', '2019-08-15 09:31:55', '2019-08-15 09:31:55'),
(290, 192, 'Mr. Spencer Kuhlman DDS', 'Veniam minima tenetur ipsam eveniet placeat aliquam. Qui qui qui possimus ut eum accusantium. Sapiente tenetur accusamus ut perferendis molestiae molestiae sequi.', '2', '2019-08-15 09:31:55', '2019-08-15 09:31:55'),
(291, 78, 'Esther Gislason III', 'Ut sit culpa dolor dolorem velit. Tempore amet magni corrupti qui et autem aspernatur aut. Et sit sit dignissimos deserunt nostrum. Quibusdam ipsa labore recusandae inventore enim.', '3', '2019-08-15 09:31:55', '2019-08-15 09:31:55'),
(292, 158, 'Prof. Mariano Koch', 'Quia et qui ut inventore odit aut aliquam. Dolor veniam nisi quo ratione fugiat dolorem quia optio. Velit iste magnam aut ut ipsum nemo beatae dolore. Sit optio rerum illum doloribus sunt pariatur maiores.', '3', '2019-08-15 09:31:55', '2019-08-15 09:31:55'),
(293, 161, 'Graham Emard DDS', 'Provident numquam minima perspiciatis esse nemo eos praesentium. Et voluptatem itaque saepe et et dolores aut. Non qui non quo dolore sint et quia.', '1', '2019-08-15 09:31:55', '2019-08-15 09:31:55'),
(294, 141, 'Alfreda Johnson', 'Ea non ut dolores tempora aut consequuntur. Beatae voluptas quo mollitia quia labore tenetur sunt. Sunt accusamus magni autem temporibus. Optio aperiam nihil quos. Dignissimos veniam qui aut distinctio quis perferendis.', '2', '2019-08-15 09:31:55', '2019-08-15 09:31:55'),
(295, 71, 'Claude Harber', 'Cumque quos est voluptatum et cum quibusdam. Aut est iste odio. Quos voluptas dolorem laboriosam quibusdam quasi.', '4', '2019-08-15 09:31:55', '2019-08-15 09:31:55'),
(296, 69, 'Dr. Linda O\'Conner V', 'Unde esse earum accusantium. Officia et quo ullam. Culpa est hic qui qui provident.', '1', '2019-08-15 09:31:55', '2019-08-15 09:31:55'),
(297, 76, 'Dulce Shields', 'Illum commodi facere iusto modi nam quam officia. Sit earum eos illo et aut est occaecati. Ut neque asperiores enim magnam.', '3', '2019-08-15 09:31:55', '2019-08-15 09:31:55'),
(298, 13, 'Ms. Myrtle Abernathy', 'Consequatur hic earum est sequi blanditiis. Necessitatibus et ipsum eaque autem inventore provident. Illo est voluptatum mollitia id ullam. Vero voluptatem vitae ullam aut.', '1', '2019-08-15 09:31:55', '2019-08-15 09:31:55'),
(299, 171, 'Nico Grant', 'Expedita eligendi sit quidem deserunt in eaque dolore. Dicta id neque nihil nisi. Exercitationem cupiditate unde architecto quisquam voluptatibus est neque soluta.', '0', '2019-08-15 09:31:55', '2019-08-15 09:31:55'),
(300, 177, 'Miss Elnora Bailey', 'Similique iste quod est autem esse ut. Quaerat atque et perferendis et ullam voluptate et aspernatur. Ipsum inventore impedit vero.', '3', '2019-08-15 09:31:55', '2019-08-15 09:31:55');

-- --------------------------------------------------------

--
-- Table structure for table `users`
--

CREATE TABLE `users` (
  `id` bigint(20) UNSIGNED NOT NULL,
  `name` varchar(191) COLLATE utf8mb4_unicode_ci NOT NULL,
  `email` varchar(191) COLLATE utf8mb4_unicode_ci NOT NULL,
  `email_verified_at` timestamp NULL DEFAULT NULL,
  `password` varchar(191) COLLATE utf8mb4_unicode_ci NOT NULL,
  `remember_token` varchar(100) COLLATE utf8mb4_unicode_ci DEFAULT NULL,
  `created_at` timestamp NULL DEFAULT NULL,
  `updated_at` timestamp NULL DEFAULT NULL
) ENGINE=InnoDB DEFAULT CHARSET=utf8mb4 COLLATE=utf8mb4_unicode_ci;

--
-- Indexes for dumped tables
--

--
-- Indexes for table `migrations`
--
ALTER TABLE `migrations`
  ADD PRIMARY KEY (`id`);

--
-- Indexes for table `password_resets`
--
ALTER TABLE `password_resets`
  ADD KEY `password_resets_email_index` (`email`);

--
-- Indexes for table `products`
--
ALTER TABLE `products`
  ADD PRIMARY KEY (`id`);

--
-- Indexes for table `reviews`
--
ALTER TABLE `reviews`
  ADD PRIMARY KEY (`id`),
  ADD KEY `reviews_product_id_index` (`product_id`);

--
-- Indexes for table `users`
--
ALTER TABLE `users`
  ADD PRIMARY KEY (`id`),
  ADD UNIQUE KEY `users_email_unique` (`email`);

--
-- AUTO_INCREMENT for dumped tables
--

--
-- AUTO_INCREMENT for table `migrations`
--
ALTER TABLE `migrations`
  MODIFY `id` int(10) UNSIGNED NOT NULL AUTO_INCREMENT, AUTO_INCREMENT=5;

--
-- AUTO_INCREMENT for table `products`
--
ALTER TABLE `products`
  MODIFY `id` bigint(20) UNSIGNED NOT NULL AUTO_INCREMENT, AUTO_INCREMENT=201;

--
-- AUTO_INCREMENT for table `reviews`
--
ALTER TABLE `reviews`
  MODIFY `id` bigint(20) UNSIGNED NOT NULL AUTO_INCREMENT, AUTO_INCREMENT=301;

--
-- AUTO_INCREMENT for table `users`
--
ALTER TABLE `users`
  MODIFY `id` bigint(20) UNSIGNED NOT NULL AUTO_INCREMENT;
COMMIT;

/*!40101 SET CHARACTER_SET_CLIENT=@OLD_CHARACTER_SET_CLIENT */;
/*!40101 SET CHARACTER_SET_RESULTS=@OLD_CHARACTER_SET_RESULTS */;
/*!40101 SET COLLATION_CONNECTION=@OLD_COLLATION_CONNECTION */;
